repo_id,familiarity_group,known_reviewer_edges,newcomer_edges,landmark_prs,has_pretrigger_history,pre_total_prs,pre_distinct_contributors,pre_merge_rate,pre_reviews_per_pr,pre_share_prs_any_review,pre_repo_age_days,pre_merge_rate_closed_prs,cutoff_dt
509028,familiar_dominant,1,0,3,True,3,2,0.3333333333333333,0.3333333333333333,0.3333333333333333,5.0224421296296295,0.5,2025-06-16 19:47:55+00:00
23332350,familiar_dominant,1,0,1,True,28,2,0.8571428571428571,0.03571428571428571,0.03571428571428571,21.68988425925926,0.96,2026-03-12 13:58:14+00:00
40765298,familiar_dominant,1,0,1,True,6,2,0.5,1.6666666666666667,0.6666666666666666,59.06335648148148,0.6,2025-12-13 01:06:15+00:00
41117523,familiar_dominant,2,0,4,True,7,2,0.42857142857142855,2.4285714285714284,0.42857142857142855,13.209212962962962,1.0,2025-09-17 09:01:51+00:00
42009758,familiar_dominant,1,0,6,True,66,11,0.4090909090909091,2.787878787878788,0.3333333333333333,195.92684027777776,0.4909090909090909,2026-01-16 22:47:51+00:00
42267778,familiar_dominant,2,0,2,True,8,2,0.5,6.0,0.75,132.20585648148148,0.5714285714285714,2026-03-09 22:08:57+00:00
56342508,familiar_dominant,2,0,5,True,54,4,0.7222222222222222,6.148148148148148,0.7407407407407407,193.10755787037036,0.75,2026-02-11 20:29:13+00:00
66466789,familiar_dominant,2,0,3,True,10,2,0.5,0.9,0.6,201.76130787037036,0.8333333333333334,2026-01-27 10:15:29+00:00
105889163,familiar_dominant,2,1,4,True,4,3,0.25,0.25,0.25,189.9050462962963,0.3333333333333333,2026-02-06 06:59:52+00:00
124952577,familiar_dominant,3,0,6,True,19,2,0.7894736842105263,0.47368421052631576,0.2631578947368421,61.74815972222222,0.9375,2025-12-23 15:23:02+00:00
133100880,familiar_dominant,4,0,5,True,6,4,0.5,0.5,0.16666666666666666,4.362430555555555,0.75,2026-02-14 16:14:22+00:00
139199684,familiar_dominant,1,0,1,True,891,13,0.8585858585858586,1.0864197530864197,0.5701459034792368,270.98429398148147,0.863431151241535,2026-02-13 17:25:53+00:00
141427485,familiar_dominant,4,0,7,True,5,1,0.6,3.0,0.8,4.487384259259259,1.0,2025-07-23 03:58:13+00:00
225880766,familiar_dominant,2,0,11,True,41,2,0.3902439024390244,0.1951219512195122,0.12195121951219512,30.945185185185185,0.64,2025-06-19 12:27:36+00:00
235901813,familiar_dominant,1,0,9,True,70,18,0.5714285714285714,1.4285714285714286,0.5,159.3237847222222,0.625,2025-11-19 10:05:53+00:00
306976345,familiar_dominant,1,0,6,True,66,3,0.6666666666666666,0.16666666666666666,0.12121212121212122,220.9090046296296,0.7096774193548387,2026-02-08 09:03:57+00:00
307176956,familiar_dominant,1,0,4,True,73,2,0.6712328767123288,1.5068493150684932,0.821917808219178,91.69372685185185,0.7101449275362319,2026-01-18 09:01:36+00:00
355197825,familiar_dominant,6,0,23,True,5,2,0.4,1.0,0.4,63.87854166666666,0.5,2025-09-05 13:02:52+00:00
398863403,familiar_dominant,1,0,1,True,3,3,0.6666666666666666,0.3333333333333333,0.3333333333333333,69.48811342592592,1.0,2026-03-14 20:33:35+00:00
402945349,familiar_dominant,1,0,9,True,19,4,0.3684210526315789,2.4210526315789473,0.631578947368421,27.100891203703704,0.5833333333333334,2025-08-20 05:54:47+00:00
462597790,familiar_dominant,1,0,24,True,4,2,0.25,1.0,0.25,71.44582175925926,0.5,2026-01-15 05:56:24+00:00
470727349,familiar_dominant,1,0,3,True,78,3,0.7564102564102564,1.8974358974358974,0.7435897435897436,276.8731597222222,0.8082191780821918,2026-03-07 06:14:04+00:00
476642602,familiar_dominant,1,0,22,True,18,6,0.5555555555555556,1.5,0.3888888888888889,94.91033564814815,0.6666666666666666,2025-09-18 08:33:07+00:00
553878560,familiar_dominant,1,0,1,True,6,3,0.8333333333333334,1.6666666666666667,0.8333333333333334,250.82122685185183,1.0,2025-09-26 15:42:43+00:00
593184777,familiar_dominant,1,0,1,True,58,2,0.6206896551724138,0.9827586206896551,0.41379310344827586,78.79136574074073,0.6545454545454545,2025-09-19 15:56:35+00:00
614258120,familiar_dominant,1,0,1,True,7,2,0.42857142857142855,19.428571428571427,1.0,83.03737268518518,1.0,2025-08-29 18:56:19+00:00
614765452,familiar_dominant,1,0,10,True,6,1,0.0,0.16666666666666666,0.16666666666666666,0.3703240740740741,0.0,2025-05-17 20:14:05+00:00
651622038,familiar_dominant,1,0,3,True,25,3,0.6,1.64,0.72,270.7312962962963,0.6818181818181818,2025-12-03 14:36:05+00:00
824874689,familiar_dominant,1,0,15,True,5,5,0.0,0.0,0.0,196.43725694444444,0.0,2025-11-15 07:06:59+00:00
839216423,familiar_dominant,2,0,11,True,483,8,0.7184265010351967,1.763975155279503,0.567287784679089,175.10696759259258,0.733615221987315,2025-07-31 06:25:44+00:00
912499477,familiar_dominant,1,0,2,True,12,2,0.75,2.4166666666666665,0.75,2.052361111111111,0.8181818181818182,2026-02-27 14:51:59+00:00
922104035,familiar_dominant,1,0,2,True,21,2,0.7142857142857143,2.7142857142857144,0.7142857142857143,14.099930555555554,0.8333333333333334,2025-09-19 16:02:09+00:00
951127926,familiar_dominant,1,0,3,True,3,1,0.6666666666666666,6.333333333333333,1.0,0.28278935185185183,1.0,2026-02-12 06:13:10+00:00
965415649,familiar_dominant,2,0,3,True,175,46,0.4,1.1428571428571428,0.48,221.5453472222222,0.4069767441860465,2025-12-01 22:54:06+00:00
1017038703,familiar_dominant,1,0,1,True,20,3,0.5,1.45,0.4,49.61126157407407,0.5555555555555556,2025-09-17 16:15:01+00:00
1024661423,familiar_dominant,1,0,5,True,21,1,0.42857142857142855,2.0952380952380953,0.6666666666666666,80.8871875,0.8181818181818182,2025-10-20 14:40:06+00:00
1069120197,familiar_dominant,1,0,3,True,343,4,0.5947521865889213,0.8542274052478134,0.36151603498542273,67.30784722222222,0.6017699115044248,2025-12-09 21:05:43+00:00
1146928510,familiar_dominant,1,0,1,True,17,1,0.8823529411764706,1.2941176470588236,0.5882352941176471,9.714618055555555,1.0,2026-02-14 05:11:03+00:00
1156147627,familiar_dominant,1,0,1,True,32,3,0.78125,0.0625,0.0625,3.967997685185185,0.8333333333333334,2026-02-18 15:26:50+00:00
1161409602,familiar_dominant,1,0,1,True,7,2,0.42857142857142855,2.142857142857143,0.8571428571428571,7.039826388888889,0.6,2026-03-12 04:47:57+00:00
15231212,mixed_tie,1,1,4,True,38,8,0.2631578947368421,0.3684210526315789,0.18421052631578946,147.32050925925924,0.43478260869565216,2026-01-12 23:56:57+00:00
101895131,mixed_tie,1,1,2,True,9,3,0.6666666666666666,0.4444444444444444,0.2222222222222222,134.079375,0.8571428571428571,2026-02-06 22:34:35+00:00
1148615527,mixed_tie,1,1,5,True,176,28,0.6534090909090909,0.125,0.0625,25.135659722222222,0.8712121212121212,2026-03-04 10:05:20+00:00
65600975,newcomer_dominant,0,1,2,True,8,7,0.0,3.375,0.75,113.1474074074074,0.0,2025-07-09 18:05:21+00:00
66571349,newcomer_dominant,0,1,1,True,11,4,0.5454545454545454,0.5454545454545454,0.2727272727272727,144.63148148148147,0.75,2026-03-03 16:31:13+00:00
69797810,newcomer_dominant,0,1,1,True,3,2,0.6666666666666666,0.0,0.0,231.00953703703703,1.0,2026-03-02 19:39:36+00:00
81518954,newcomer_dominant,0,1,1,True,44,3,0.20454545454545456,0.045454545454545456,0.045454545454545456,213.78380787037037,0.23684210526315788,2026-01-06 04:10:23+00:00
127246132,newcomer_dominant,0,1,3,True,2,1,0.5,0.5,0.5,28.047777777777778,1.0,2025-05-09 09:37:24+00:00
220080707,newcomer_dominant,0,1,1,True,17,4,0.23529411764705882,0.6470588235294118,0.17647058823529413,197.12296296296296,0.4444444444444444,2026-02-19 23:13:51+00:00
275118967,newcomer_dominant,0,1,5,True,5,1,0.8,0.8,0.8,0.05362268518518518,1.0,2025-08-04 17:05:00+00:00
336521419,newcomer_dominant,0,1,1,True,1,1,0.0,0.0,0.0,0.00443287037037037,,2026-03-10 10:39:22+00:00
355476462,newcomer_dominant,0,1,2,True,3,1,0.0,0.0,0.0,0.004953703703703703,,2025-06-24 14:40:31+00:00
426659329,newcomer_dominant,0,1,1,True,71,7,0.5352112676056338,2.4507042253521125,0.6338028169014085,266.32041666666663,0.5757575757575758,2026-02-27 18:48:42+00:00
514553345,newcomer_dominant,0,1,1,True,3,3,0.3333333333333333,0.0,0.0,335.8755671296296,0.5,2026-01-30 19:45:07+00:00
644461337,newcomer_dominant,0,1,1,True,33,14,0.42424242424242425,0.696969696969697,0.36363636363636365,231.0409259259259,0.5833333333333334,2026-03-01 03:36:58+00:00
721585564,newcomer_dominant,0,1,1,True,2,1,0.5,0.5,0.5,0.2425462962962963,1.0,2026-03-08 18:36:24+00:00
722184017,newcomer_dominant,0,1,2,True,12,3,0.5,2.25,0.9166666666666666,2.3994907407407404,0.75,2025-06-19 07:37:22+00:00
762304524,newcomer_dominant,0,1,3,True,31,4,0.25806451612903225,2.6451612903225805,0.6451612903225806,283.33728009259255,0.26666666666666666,2025-10-07 15:20:51+00:00
898949330,newcomer_dominant,0,1,3,True,5,2,0.2,2.0,1.0,71.63702546296295,0.3333333333333333,2025-09-05 12:21:52+00:00
914048456,newcomer_dominant,0,1,2,True,11,5,0.2727272727272727,1.2727272727272727,0.6363636363636364,86.78788194444444,0.3333333333333333,2025-08-29 18:07:47+00:00
940076402,newcomer_dominant,0,1,1,True,1,1,0.0,0.0,0.0,0.00400462962962963,,2026-03-09 12:47:44+00:00
945624059,newcomer_dominant,0,1,1,True,2,1,0.0,0.0,0.0,0.644074074074074,,2025-11-22 10:29:59+00:00
955269110,newcomer_dominant,0,1,1,True,1,1,0.0,0.0,0.0,0.04023148148148148,,2025-09-26 12:23:26+00:00
975734319,newcomer_dominant,0,1,3,True,98,45,0.15306122448979592,0.01020408163265306,0.01020408163265306,230.26672453703702,0.2459016393442623,2026-02-10 03:03:25+00:00
989134268,newcomer_dominant,0,1,2,True,43,5,0.5813953488372093,0.13953488372093023,0.06976744186046512,221.76186342592592,0.5952380952380952,2026-02-14 01:08:09+00:00
1011567289,newcomer_dominant,0,1,1,True,1,1,0.0,0.0,0.0,0.0015277777777777776,,2026-03-10 03:38:33+00:00
1103012935,newcomer_dominant,0,3,24,True,964,414,0.14315352697095435,0.1441908713692946,0.10062240663900415,70.54002314814815,0.24598930481283424,2026-02-11 02:55:40+00:00
1109079845,newcomer_dominant,0,1,1,True,3,3,0.3333333333333333,0.3333333333333333,0.3333333333333333,11.83386574074074,1.0,2026-02-12 15:40:37+00:00
1151972675,newcomer_dominant,0,1,1,True,4,2,0.75,0.0,0.0,0.9937499999999999,1.0,2026-02-08 07:30:43+00:00
206424,no_user_written_edge,0,0,1,True,5,3,0.0,0.0,0.0,56.974953703703704,0.0,2026-02-10 21:24:10+00:00
460848,no_user_written_edge,0,0,1,True,53,2,0.9433962264150944,0.33962264150943394,0.1509433962264151,45.00924768518518,1.0,2025-11-07 09:39:23+00:00
873328,no_user_written_edge,0,0,6,True,4,4,0.5,1.0,0.75,123.17508101851851,1.0,2025-06-09 23:05:10+00:00
1459486,no_user_written_edge,0,0,1,True,35,4,0.3142857142857143,0.0,0.0,67.22334490740741,0.44,2025-11-04 14:31:24+00:00
1660282,no_user_written_edge,0,0,1,True,19,2,0.5263157894736842,0.5789473684210527,0.5789473684210527,111.1396412037037,0.7142857142857143,2025-11-18 18:24:26+00:00
1931356,no_user_written_edge,0,0,1,True,4,2,0.5,0.0,0.0,30.462592592592593,1.0,2025-10-17 22:48:29+00:00
2006005,no_user_written_edge,0,0,3,True,17,1,0.7058823529411765,1.0,0.5294117647058824,7.115243055555555,1.0,2025-11-07 21:03:33+00:00
2218679,no_user_written_edge,0,0,1,True,1,1,0.0,0.0,0.0,0.0030324074074074073,,2026-02-27 18:15:02+00:00
2418592,no_user_written_edge,0,0,1,True,6,1,0.6666666666666666,0.16666666666666666,0.16666666666666666,0.06395833333333333,0.8,2025-05-18 00:52:40+00:00
2899580,no_user_written_edge,0,0,1,True,3,2,0.3333333333333333,0.3333333333333333,0.3333333333333333,119.97765046296296,0.5,2026-02-13 11:41:31+00:00
3328572,no_user_written_edge,0,0,2,True,30,9,0.5666666666666667,0.8666666666666667,0.5666666666666667,231.9732986111111,0.5862068965517241,2026-01-27 18:48:04+00:00
4213474,no_user_written_edge,0,0,1,True,39,2,0.8205128205128205,3.2564102564102564,0.8205128205128205,301.0692476851852,0.8421052631578947,2026-03-15 00:26:01+00:00
4542716,no_user_written_edge,0,0,3,True,23,12,0.17391304347826086,0.0,0.0,252.59689814814814,0.26666666666666666,2026-03-13 23:00:12+00:00
5702425,no_user_written_edge,0,0,1,True,1,1,0.0,0.0,0.0,0.005497685185185185,,2026-03-03 00:49:11+00:00
5870069,no_user_written_edge,0,0,1,True,1,1,0.0,0.0,0.0,0.000625,,2026-02-04 23:59:06+00:00
6673802,no_user_written_edge,0,0,1,True,2,1,0.0,0.5,0.5,0.028518518518518516,,2026-02-14 08:45:09+00:00
7833168,no_user_written_edge,0,0,2,True,136,7,0.27205882352941174,1.3235294117647058,0.39705882352941174,215.88162037037037,0.37755102040816324,2026-02-12 07:21:34+00:00
10187082,no_user_written_edge,0,0,1,True,1,1,0.0,0.0,0.0,0.005740740740740741,,2025-12-03 12:28:16+00:00
10458362,no_user_written_edge,0,0,3,True,69,2,0.6086956521739131,2.420289855072464,0.8985507246376812,62.328125,0.7636363636363637,2025-08-06 14:26:20+00:00
11863336,no_user_written_edge,0,0,1,True,1,1,0.0,0.0,0.0,0.0012962962962962963,,2025-05-17 02:30:56+00:00
12888993,no_user_written_edge,0,0,2,True,72,22,0.5555555555555556,1.25,0.2222222222222222,236.8466898148148,0.6349206349206349,2026-02-26 16:58:15+00:00
13678015,no_user_written_edge,0,0,1,True,1,1,0.0,1.0,1.0,0.13695601851851852,,2026-02-24 11:13:50+00:00
13683952,no_user_written_edge,0,0,2,True,36,1,0.75,0.16666666666666666,0.16666666666666666,55.03940972222222,0.8709677419354839,2025-07-31 21:20:45+00:00
14052034,no_user_written_edge,0,0,1,True,12,2,0.5,0.08333333333333333,0.08333333333333333,282.6979861111111,0.8571428571428571,2026-03-02 14:04:46+00:00
18280236,no_user_written_edge,0,0,1,True,19,7,0.5789473684210527,2.0,0.7894736842105263,257.97809027777777,0.7857142857142857,2026-02-27 09:30:23+00:00
19961085,no_user_written_edge,0,0,10,True,3,2,0.3333333333333333,0.3333333333333333,0.3333333333333333,46.87674768518518,1.0,2025-06-11 16:31:57+00:00
22257580,no_user_written_edge,0,0,1,True,24,3,0.7083333333333334,0.0,0.0,76.70380787037037,0.9444444444444444,2026-02-15 11:52:47+00:00
22332649,no_user_written_edge,0,0,3,True,18,2,0.8888888888888888,1.3333333333333333,0.6666666666666666,259.4433796296296,0.9411764705882353,2026-02-19 11:15:59+00:00
23267883,no_user_written_edge,0,0,8,True,33,2,0.21212121212121213,0.5757575757575758,0.2727272727272727,41.52828703703703,0.875,2025-09-17 06:13:38+00:00
23315232,no_user_written_edge,0,0,1,True,1,1,0.0,0.0,0.0,0.0016319444444444443,,2025-09-20 03:29:57+00:00
25868356,no_user_written_edge,0,0,1,True,14,1,0.9285714285714286,6.714285714285714,1.0,174.0075347222222,1.0,2025-12-17 01:40:08+00:00
26066727,no_user_written_edge,0,0,1,True,3,3,0.0,0.0,0.0,81.19190972222222,0.0,2025-09-11 04:44:58+00:00
28312955,no_user_written_edge,0,0,1,True,26,3,0.7692307692307693,3.0,0.6923076923076923,190.7413310185185,0.8,2026-02-26 08:12:51+00:00
33837371,no_user_written_edge,0,0,5,True,141,32,0.7092198581560284,1.9716312056737588,0.6453900709219859,229.11160879629628,0.8,2026-01-22 00:10:31+00:00
35030133,no_user_written_edge,0,0,2,True,6,4,0.5,0.16666666666666666,0.16666666666666666,75.85677083333333,0.6,2025-08-12 12:09:02+00:00
35998691,no_user_written_edge,0,0,1,True,8,2,0.375,0.125,0.125,92.02518518518518,1.0,2026-02-24 07:41:45+00:00
39464018,no_user_written_edge,0,0,1,True,249,17,0.6746987951807228,0.2971887550200803,0.05622489959839357,313.07465277777777,0.8155339805825242,2026-03-04 18:35:55+00:00
40136600,no_user_written_edge,0,0,1,True,2,1,0.0,0.0,0.0,0.04856481481481481,0.0,2025-06-06 08:49:42+00:00
41881900,no_user_written_edge,0,0,1,True,1319,10,0.3169067475360121,1.6042456406368462,0.41015921152388174,262.46916666666664,0.387037037037037,2026-02-06 19:08:25+00:00
43098215,no_user_written_edge,0,0,1,True,1,1,0.0,0.0,0.0,0.0023263888888888887,,2026-03-01 09:17:41+00:00
44164233,no_user_written_edge,0,0,1,True,7,1,0.42857142857142855,0.5714285714285714,0.42857142857142855,101.98930555555555,0.5,2025-04-18 14:22:50+00:00
47765186,no_user_written_edge,0,0,1,True,5,1,0.6,0.0,0.0,1.1380671296296296,1.0,2025-06-12 05:32:12+00:00
47776025,no_user_written_edge,0,0,1,True,2,1,0.0,4.0,0.5,8.276261574074073,,2025-10-14 18:14:52+00:00
48030204,no_user_written_edge,0,0,2,True,1,1,0.0,0.0,0.0,0.02037037037037037,,2025-08-21 16:05:47+00:00
48266773,no_user_written_edge,0,0,1,True,1,1,0.0,0.0,0.0,0.000636574074074074,,2025-10-21 10:00:39+00:00
50448254,no_user_written_edge,0,0,1,True,15,2,0.5333333333333333,0.13333333333333333,0.13333333333333333,81.67153935185185,1.0,2025-08-09 12:27:49+00:00
50626524,no_user_written_edge,0,0,1,True,158,1,0.8164556962025317,0.4050632911392405,0.2848101265822785,29.964826388888888,0.8543046357615894,2025-11-11 12:27:08+00:00
51879362,no_user_written_edge,0,0,1,True,2,1,0.0,0.0,0.0,51.434502314814814,0.0,2025-07-14 07:10:02+00:00
53311716,no_user_written_edge,0,0,2,True,9,5,0.2222222222222222,2.111111111111111,0.6666666666666666,168.8595949074074,0.6666666666666666,2026-02-27 05:22:45+00:00
54585666,no_user_written_edge,0,0,1,True,2,2,0.0,0.5,0.5,46.601979166666666,,2025-07-25 06:28:57+00:00
57330209,no_user_written_edge,0,0,7,True,1,1,0.0,0.0,0.0,0.00032407407407407406,,2025-06-12 20:04:27+00:00
57452143,no_user_written_edge,0,0,1,True,5,2,0.8,0.0,0.0,19.11085648148148,1.0,2026-02-16 18:03:55+00:00
58146669,no_user_written_edge,0,0,2,True,20,3,0.0,0.0,0.0,54.34645833333333,0.0,2026-03-13 06:07:21+00:00
60024365,no_user_written_edge,0,0,1,True,5,2,0.4,0.6,0.4,65.52524305555555,0.6666666666666666,2026-01-16 06:20:53+00:00
61980658,no_user_written_edge,0,0,2,True,1,1,0.0,0.0,0.0,1.514837962962963,,2025-06-10 21:47:23+00:00
63882194,no_user_written_edge,0,0,1,True,40,3,0.35,2.475,0.575,215.17805555555555,0.4666666666666667,2026-02-18 18:02:22+00:00
67747748,no_user_written_edge,0,0,1,True,1,1,0.0,0.0,0.0,0.013159722222222222,,2025-06-25 20:09:13+00:00
68404794,no_user_written_edge,0,0,1,True,3,2,0.6666666666666666,1.3333333333333333,1.0,67.70087962962963,1.0,2026-01-28 17:47:44+00:00
69605218,no_user_written_edge,0,0,1,True,1,1,0.0,0.0,0.0,0.0010185185185185184,,2025-07-15 12:15:49+00:00
70124554,no_user_written_edge,0,0,1,True,212,6,0.8820754716981132,0.7169811320754716,0.5613207547169812,120.60561342592592,0.9166666666666666,2026-02-02 02:25:43+00:00
70411501,no_user_written_edge,0,0,1,True,1,1,0.0,0.0,0.0,11.731296296296296,,2026-03-04 13:52:17+00:00
70809374,no_user_written_edge,0,0,1,True,1,1,0.0,1.0,1.0,0.009849537037037037,,2025-11-21 17:06:50+00:00
71643008,no_user_written_edge,0,0,1,True,3,1,0.3333333333333333,1.3333333333333333,1.0,23.903368055555553,1.0,2025-07-05 19:56:11+00:00
71932349,no_user_written_edge,0,0,2,True,76,20,0.4473684210526316,0.2236842105263158,0.13157894736842105,274.6727662037037,0.5,2026-03-11 20:11:51+00:00
75224144,no_user_written_edge,0,0,1,True,162,46,0.6790123456790124,0.1419753086419753,0.04938271604938271,203.40033564814814,0.7857142857142857,2026-03-12 05:39:07+00:00
76445704,no_user_written_edge,0,0,1,True,2,1,0.0,0.0,0.0,10.98554398148148,,2025-06-16 12:36:38+00:00
79377628,no_user_written_edge,0,0,1,True,1,1,0.0,0.0,0.0,0.11131944444444444,,2025-05-17 10:25:23+00:00
82920852,no_user_written_edge,0,0,1,True,40,2,0.75,5.3,0.775,118.90376157407407,0.8333333333333334,2026-03-12 19:51:22+00:00
85431399,no_user_written_edge,0,0,2,True,83,1,0.8433734939759037,0.5542168674698795,0.04819277108433735,35.94979166666666,0.8974358974358975,2025-10-15 07:11:26+00:00
86566316,no_user_written_edge,0,0,1,True,5,2,0.0,0.0,0.0,54.05481481481481,0.0,2026-02-04 09:05:42+00:00
91350924,no_user_written_edge,0,0,1,True,15,1,0.6,0.3333333333333333,0.3333333333333333,135.6195486111111,0.75,2026-02-21 00:46:14+00:00
91594105,no_user_written_edge,0,0,1,True,4,2,0.5,0.25,0.25,129.09943287037035,1.0,2026-02-05 21:03:59+00:00
97890025,no_user_written_edge,0,0,1,True,1,1,0.0,0.0,0.0,0.001875,,2025-11-14 10:26:22+00:00
99143276,no_user_written_edge,0,0,3,True,12,2,0.3333333333333333,1.5833333333333333,0.5,130.55574074074073,0.5714285714285714,2025-12-10 06:32:17+00:00
100061716,no_user_written_edge,0,0,1,True,16,4,0.375,0.875,0.25,18.609988425925923,1.0,2025-06-16 16:59:30+00:00
100426697,no_user_written_edge,0,0,1,True,8,2,0.625,1.125,0.75,62.09993055555555,0.8333333333333334,2025-10-27 20:15:49+00:00
114006193,no_user_written_edge,0,0,3,True,1,1,0.0,0.0,0.0,0.0003472222222222222,,2025-08-01 07:56:16+00:00
115110181,no_user_written_edge,0,0,1,True,41,3,0.34146341463414637,0.8536585365853658,0.12195121951219512,115.2752662037037,0.3888888888888889,2025-11-03 08:34:52+00:00
117813847,no_user_written_edge,0,0,1,True,27,5,0.8148148148148148,1.5555555555555556,0.48148148148148145,229.7494675925926,0.8461538461538461,2026-03-10 15:34:34+00:00
117851913,no_user_written_edge,0,0,1,True,11,4,0.36363636363636365,0.6363636363636364,0.18181818181818182,134.88633101851852,0.6666666666666666,2026-02-05 10:15:49+00:00
118905883,no_user_written_edge,0,0,1,True,28,2,0.0,0.0,0.0,96.81518518518519,0.0,2025-12-31 06:48:49+00:00
118933991,no_user_written_edge,0,0,1,True,1,1,0.0,0.0,0.0,0.0030208333333333333,,2026-02-13 10:53:41+00:00
124290023,no_user_written_edge,0,0,1,True,7,2,0.2857142857142857,5.285714285714286,0.5714285714285714,119.03936342592591,0.4,2025-10-16 19:31:09+00:00
128665842,no_user_written_edge,0,0,1,True,1,1,0.0,0.0,0.0,0.0028703703703703703,,2025-06-13 10:30:38+00:00
130174051,no_user_written_edge,0,0,1,True,1,1,0.0,0.0,0.0,0.001574074074074074,,2025-08-11 00:20:41+00:00
130688011,no_user_written_edge,0,0,1,True,1,1,0.0,0.0,0.0,0.007569444444444444,,2025-07-24 17:10:06+00:00
134182879,no_user_written_edge,0,0,1,True,40,1,0.9,0.0,0.0,5.9395949074074075,0.9230769230769231,2025-07-01 09:25:04+00:00
135059452,no_user_written_edge,0,0,1,True,23,1,0.5217391304347826,0.6086956521739131,0.43478260869565216,10.006481481481481,0.631578947368421,2025-10-17 15:45:55+00:00
139156354,no_user_written_edge,0,0,2,True,2,1,0.0,0.5,0.5,0.003449074074074074,,2025-08-22 07:36:56+00:00
144406906,no_user_written_edge,0,0,1,True,5,2,0.6,2.2,0.6,43.02770833333333,0.75,2026-02-07 18:56:13+00:00
148657224,no_user_written_edge,0,0,1,True,31,4,0.12903225806451613,0.8064516129032258,0.1935483870967742,189.32982638888888,0.16,2026-02-25 14:18:32+00:00
151148482,no_user_written_edge,0,0,2,True,47,2,0.44680851063829785,0.7872340425531915,0.2553191489361702,178.13520833333334,0.6,2025-11-13 20:56:57+00:00
151331938,no_user_written_edge,0,0,1,True,45,1,0.6888888888888889,3.7111111111111112,0.8,27.506504629629628,0.7380952380952381,2025-04-10 11:44:27+00:00
152362178,no_user_written_edge,0,0,2,True,3,3,0.3333333333333333,0.3333333333333333,0.3333333333333333,45.680138888888884,1.0,2025-09-23 09:46:19+00:00
158975124,no_user_written_edge,0,0,1,True,2,2,0.5,0.0,0.0,64.03644675925925,1.0,2026-03-12 14:49:26+00:00
161133770,no_user_written_edge,0,0,1,True,23,4,0.43478260869565216,3.8260869565217392,0.6956521739130435,161.66895833333334,0.625,2026-02-03 04:38:43+00:00
161977394,no_user_written_edge,0,0,1,True,5,2,0.0,0.0,0.0,71.89082175925925,,2026-02-01 15:07:47+00:00
166371135,no_user_written_edge,0,0,1,True,1,1,0.0,0.0,0.0,138.8437847222222,,2025-10-14 11:31:58+00:00
169072354,no_user_written_edge,0,0,1,True,1,1,0.0,0.0,0.0,0.00047453703703703704,,2025-06-15 09:43:11+00:00
169435703,no_user_written_edge,0,0,1,True,1,1,0.0,2.0,1.0,0.02810185185185185,,2025-11-16 10:33:16+00:00
172514655,no_user_written_edge,0,0,1,True,2,1,0.5,0.5,0.5,0.009606481481481481,1.0,2025-07-28 08:58:42+00:00
173787329,no_user_written_edge,0,0,1,True,3,2,0.3333333333333333,1.0,0.3333333333333333,13.448275462962963,1.0,2025-09-15 19:40:21+00:00
175220144,no_user_written_edge,0,0,2,True,3,2,0.3333333333333333,0.3333333333333333,0.3333333333333333,19.237523148148146,1.0,2026-02-07 23:58:00+00:00
180190854,no_user_written_edge,0,0,1,True,14,4,0.5714285714285714,2.642857142857143,0.5,40.06489583333333,0.7272727272727273,2025-09-15 04:47:07+00:00
183895098,no_user_written_edge,0,0,4,True,59,2,0.847457627118644,2.288135593220339,0.9830508474576272,77.14165509259259,0.8928571428571429,2026-02-10 11:00:56+00:00
184860689,no_user_written_edge,0,0,1,True,4,2,0.25,0.75,0.75,47.17896990740741,1.0,2025-12-03 21:22:20+00:00
189166871,no_user_written_edge,0,0,1,True,6,1,0.5,4.5,0.8333333333333334,44.72966435185185,0.6,2025-11-02 19:29:02+00:00
190815700,no_user_written_edge,0,0,1,True,1,1,0.0,0.0,0.0,0.32295138888888886,,2025-12-23 00:02:28+00:00
191049280,no_user_written_edge,0,0,2,True,18,1,0.7222222222222222,0.2777777777777778,0.2222222222222222,61.515023148148146,1.0,2026-01-10 07:33:12+00:00
193215554,no_user_written_edge,0,0,2,True,22,11,0.5909090909090909,0.13636363636363635,0.09090909090909091,137.18885416666666,0.7222222222222222,2025-10-07 15:10:31+00:00
197153676,no_user_written_edge,0,0,1,True,7,3,0.0,0.14285714285714285,0.14285714285714285,219.0840972222222,0.0,2026-02-19 01:36:13+00:00
197275551,no_user_written_edge,0,0,1,True,4,4,0.25,0.0,0.0,37.62354166666667,0.5,2026-02-09 14:50:10+00:00
201808511,no_user_written_edge,0,0,1,True,2,1,0.0,0.0,0.0,0.31732638888888887,,2026-01-15 11:42:02+00:00
202291859,no_user_written_edge,0,0,1,True,4,3,0.0,0.5,0.25,42.13273148148148,0.0,2025-08-28 11:38:42+00:00
202570697,no_user_written_edge,0,0,1,True,4,2,0.25,1.0,0.5,22.95287037037037,0.5,2026-03-13 08:53:22+00:00
203843667,no_user_written_edge,0,0,1,True,118,7,0.423728813559322,2.0762711864406778,0.211864406779661,288.08787037037035,0.5208333333333334,2026-03-06 18:11:02+00:00
210472898,no_user_written_edge,0,0,3,True,7,1,0.2857142857142857,4.0,1.0,14.057685185185184,1.0,2025-12-28 05:49:22+00:00
213109008,no_user_written_edge,0,0,1,True,1,1,0.0,0.0,0.0,0.0003356481481481481,,2025-06-05 19:49:29+00:00
214868921,no_user_written_edge,0,0,1,True,26,1,0.5384615384615384,0.5769230769230769,0.34615384615384615,223.57346064814814,0.5833333333333334,2026-01-11 01:51:34+00:00
216391224,no_user_written_edge,0,0,1,True,10,6,0.2,0.0,0.0,187.42353009259259,0.2222222222222222,2026-03-11 21:27:17+00:00
219012610,no_user_written_edge,0,0,3,True,57,3,0.15789473684210525,3.017543859649123,0.3333333333333333,217.49671296296296,0.2903225806451613,2026-02-20 18:17:20+00:00
220517730,no_user_written_edge,0,0,1,True,153,9,0.7581699346405228,2.372549019607843,0.6993464052287581,182.81972222222223,0.90625,2026-01-27 23:46:03+00:00
225260962,no_user_written_edge,0,0,1,True,21,3,0.8095238095238095,0.0,0.0,147.27503472222222,0.85,2025-11-20 20:51:54+00:00
227265548,no_user_written_edge,0,0,1,True,59,2,0.7796610169491526,0.6610169491525424,0.5932203389830508,57.19354166666666,0.9387755102040817,2025-08-04 09:50:16+00:00
230706417,no_user_written_edge,0,0,2,True,375,3,0.8666666666666667,3.7546666666666666,0.7413333333333333,238.83893518518516,0.8783783783783784,2026-01-28 22:33:46+00:00
232335424,no_user_written_edge,0,0,1,True,9,2,0.4444444444444444,3.2222222222222223,0.4444444444444444,14.235358796296296,0.5714285714285714,2025-11-12 07:41:27+00:00
233531789,no_user_written_edge,0,0,1,True,3,1,0.3333333333333333,0.3333333333333333,0.3333333333333333,2.101157407407407,0.5,2025-07-06 05:15:07+00:00
234231371,no_user_written_edge,0,0,7,True,1,1,0.0,0.0,0.0,0.04469907407407407,,2025-05-21 03:37:43+00:00
237647258,no_user_written_edge,0,0,1,True,1,1,0.0,0.0,0.0,1.3119444444444444,,2025-05-27 23:11:10+00:00
241095326,no_user_written_edge,0,0,1,True,1,1,0.0,0.0,0.0,0.000798611111111111,,2026-02-06 13:49:14+00:00
247589209,no_user_written_edge,0,0,1,True,1,1,0.0,0.0,0.0,0.00255787037037037,,2025-08-08 19:22:32+00:00
247714750,no_user_written_edge,0,0,1,True,36,3,0.4444444444444444,0.8611111111111112,0.4166666666666667,214.5021875,0.5,2026-02-14 07:32:35+00:00
249027166,no_user_written_edge,0,0,2,True,93,5,0.5376344086021505,2.6236559139784945,0.6774193548387096,225.07210648148148,0.5681818181818182,2026-02-28 11:45:08+00:00
255978101,no_user_written_edge,0,0,1,True,2,1,0.0,0.5,0.5,0.21309027777777775,,2026-02-06 13:21:00+00:00
262013713,no_user_written_edge,0,0,1,True,4,2,0.25,0.0,0.0,235.19826388888887,0.5,2026-01-29 17:49:16+00:00
264043501,no_user_written_edge,0,0,1,True,5,2,0.0,2.8,0.8,193.14804398148146,0.0,2026-02-10 06:21:53+00:00
267374872,no_user_written_edge,0,0,1,True,1,1,0.0,0.0,0.0,0.003148148148148148,,2026-03-04 03:26:56+00:00
268757125,no_user_written_edge,0,0,1,True,3,2,0.0,0.0,0.0,83.71664351851851,0.0,2025-12-13 11:53:31+00:00
272508670,no_user_written_edge,0,0,1,True,5,1,0.8,1.0,0.2,16.600289351851853,1.0,2025-10-18 06:35:19+00:00
273598269,no_user_written_edge,0,0,1,True,3,2,0.3333333333333333,1.0,0.6666666666666666,226.89439814814813,0.5,2026-03-14 23:44:16+00:00
275993885,no_user_written_edge,0,0,1,True,51,3,0.19607843137254902,0.5882352941176471,0.3333333333333333,147.13913194444444,0.20408163265306123,2025-05-20 07:16:55+00:00
278335273,no_user_written_edge,0,0,1,True,2,2,0.0,0.0,0.0,231.2864236111111,0.0,2026-02-28 16:43:27+00:00
283046497,no_user_written_edge,0,0,1,True,158,2,0.4240506329113924,1.2848101265822784,0.5253164556962026,136.43728009259257,0.43790849673202614,2025-06-07 08:23:40+00:00
291390714,no_user_written_edge,0,0,1,True,21,2,0.7619047619047619,2.1904761904761907,0.42857142857142855,234.74842592592591,0.8421052631578947,2026-01-29 07:29:13+00:00
304830226,no_user_written_edge,0,0,2,True,1,1,0.0,0.0,0.0,0.05980324074074074,,2026-01-18 10:16:31+00:00
308829430,no_user_written_edge,0,0,1,True,12,2,0.5,1.5,0.6666666666666666,61.012557870370365,0.6,2026-03-01 13:49:16+00:00
314197645,no_user_written_edge,0,0,2,True,8,1,0.375,0.5,0.375,81.57934027777777,0.75,2025-05-17 09:47:12+00:00
326404870,no_user_written_edge,0,0,1,True,8,4,0.75,0.0,0.0,224.30355324074074,1.0,2026-03-09 11:58:46+00:00
330802289,no_user_written_edge,0,0,2,True,21,6,0.14285714285714285,0.14285714285714285,0.09523809523809523,24.65716435185185,0.375,2025-10-08 09:01:04+00:00
332191184,no_user_written_edge,0,0,1,True,1,1,0.0,0.0,0.0,0.0009837962962962962,,2025-08-15 08:05:03+00:00
339972716,no_user_written_edge,0,0,1,True,9,2,0.1111111111111111,0.6666666666666666,0.4444444444444444,143.10097222222223,0.16666666666666666,2026-01-16 08:08:44+00:00
346526277,no_user_written_edge,0,0,1,True,11,2,0.0,0.6363636363636364,0.18181818181818182,60.350567129629624,0.0,2025-09-04 21:09:30+00:00
354291352,no_user_written_edge,0,0,1,True,1,1,0.0,0.0,0.0,0.003611111111111111,,2026-03-15 00:48:52+00:00
359305341,no_user_written_edge,0,0,1,True,1,1,0.0,0.0,0.0,0.06999999999999999,,2025-12-12 13:52:00+00:00
365739812,no_user_written_edge,0,0,1,True,33,7,0.42424242424242425,0.36363636363636365,0.2727272727272727,207.63189814814814,0.45161290322580644,2026-01-02 13:01:09+00:00
368236463,no_user_written_edge,0,0,1,True,14,2,0.35714285714285715,0.2857142857142857,0.14285714285714285,127.97175925925926,0.38461538461538464,2025-10-10 11:11:39+00:00
370740787,no_user_written_edge,0,0,2,True,32,2,0.46875,0.6875,0.5,146.00987268518517,0.4838709677419355,2025-10-27 11:05:14+00:00
382038756,no_user_written_edge,0,0,1,True,1,1,0.0,0.0,0.0,0.002962962962962963,,2026-02-07 23:00:38+00:00
390115983,no_user_written_edge,0,0,2,True,7,2,0.42857142857142855,0.8571428571428571,0.5714285714285714,186.1438425925926,0.75,2026-01-16 21:37:56+00:00
392610935,no_user_written_edge,0,0,2,True,39,1,0.5897435897435898,0.6410256410256411,0.6153846153846154,96.85443287037036,0.6764705882352942,2025-08-26 21:38:02+00:00
394207324,no_user_written_edge,0,0,2,True,2,1,0.0,0.5,0.5,0.06513888888888889,,2025-06-05 05:17:46+00:00
394757291,no_user_written_edge,0,0,3,True,5,1,0.8,0.2,0.2,45.447719907407404,1.0,2025-08-08 15:40:02+00:00
397588892,no_user_written_edge,0,0,1,True,45,3,0.6444444444444445,1.0444444444444445,0.6,264.0809375,0.725,2026-03-01 11:27:49+00:00
399618999,no_user_written_edge,0,0,1,True,19,2,0.21052631578947367,0.6842105263157895,0.3684210526315789,30.996319444444442,0.2222222222222222,2025-06-19 17:23:27+00:00
410126981,no_user_written_edge,0,0,1,True,1,1,0.0,0.0,0.0,0.05578703703703703,,2025-07-09 22:13:02+00:00
411912097,no_user_written_edge,0,0,23,True,2,1,0.0,0.0,0.0,113.82788194444444,0.0,2026-01-31 08:03:41+00:00
428780722,no_user_written_edge,0,0,8,True,30,11,0.43333333333333335,2.2,0.4666666666666667,72.32996527777777,0.6190476190476191,2026-02-19 05:51:04+00:00
430749584,no_user_written_edge,0,0,2,True,226,17,0.6946902654867256,0.2345132743362832,0.09734513274336283,432.5549421296296,0.7168949771689498,2026-03-01 16:47:58+00:00
432777348,no_user_written_edge,0,0,1,True,3,2,0.3333333333333333,0.0,0.0,138.77659722222222,0.5,2026-03-06 13:15:22+00:00
440752086,no_user_written_edge,0,0,1,True,103,29,0.3592233009708738,0.4563106796116505,0.1650485436893204,299.80422453703704,0.37373737373737376,2025-12-31 17:07:20+00:00
442321089,no_user_written_edge,0,0,2,True,133,5,0.5263157894736842,0.12030075187969924,0.06766917293233082,349.02982638888886,0.5426356589147286,2026-01-22 01:45:21+00:00
446093093,no_user_written_edge,0,0,1,True,8,1,0.375,3.625,0.875,48.408680555555556,0.42857142857142855,2025-09-15 06:16:47+00:00
453068084,no_user_written_edge,0,0,1,True,70,6,0.45714285714285713,1.6571428571428573,0.45714285714285713,276.0692476851852,0.5333333333333333,2026-01-28 09:49:00+00:00
456549280,no_user_written_edge,0,0,1,True,108,3,0.3425925925925926,3.4537037037037037,0.5555555555555556,211.32390046296294,0.4457831325301205,2026-02-24 13:02:07+00:00
460615268,no_user_written_edge,0,0,1,True,14,4,0.42857142857142855,0.07142857142857142,0.07142857142857142,126.49652777777777,0.6666666666666666,2026-02-25 16:42:52+00:00
461368002,no_user_written_edge,0,0,1,True,5,1,0.0,0.0,0.0,17.764652777777776,0.0,2026-01-07 21:53:18+00:00
463628495,no_user_written_edge,0,0,1,True,23,2,0.08695652173913043,0.391304347826087,0.17391304347826086,84.52325231481481,0.2,2026-01-27 18:55:50+00:00
464350186,no_user_written_edge,0,0,4,True,1,1,0.0,1.0,1.0,0.9060995370370369,,2025-12-12 16:57:23+00:00
464415161,no_user_written_edge,0,0,1,True,1,1,0.0,0.0,0.0,3.409710648148148,,2026-03-10 09:48:09+00:00
479289739,no_user_written_edge,0,0,1,True,3,3,0.3333333333333333,0.0,0.0,168.0733912037037,0.5,2026-01-13 22:36:37+00:00
480614136,no_user_written_edge,0,0,1,True,67,3,0.835820895522388,0.47761194029850745,0.2537313432835821,133.45186342592592,0.9333333333333333,2025-09-30 23:50:19+00:00
481196344,no_user_written_edge,0,0,7,True,15,6,0.5333333333333333,2.0,0.6666666666666666,111.12979166666666,0.5714285714285714,2025-09-10 11:43:47+00:00
485538823,no_user_written_edge,0,0,1,True,14,6,0.6428571428571429,5.142857142857143,0.2857142857142857,119.93118055555556,0.8181818181818182,2026-02-13 15:43:02+00:00
486815039,no_user_written_edge,0,0,2,True,38,4,0.5526315789473685,4.868421052631579,0.7105263157894737,164.18156249999998,0.6,2025-12-11 21:34:12+00:00
490124346,no_user_written_edge,0,0,1,True,1,1,0.0,0.0,0.0,0.0013541666666666665,,2025-06-24 08:41:03+00:00
496206645,no_user_written_edge,0,0,1,True,6,3,0.16666666666666666,0.3333333333333333,0.16666666666666666,15.064409722222221,0.5,2026-02-26 10:57:35+00:00
500289888,no_user_written_edge,0,0,1,True,3,1,0.0,0.6666666666666666,0.6666666666666666,0.9212962962962963,0.0,2025-05-17 06:39:10+00:00
509436902,no_user_written_edge,0,0,1,True,28,2,0.5,1.5714285714285714,0.9642857142857143,223.97417824074074,0.5384615384615384,2025-12-31 09:43:41+00:00
514809323,no_user_written_edge,0,0,1,True,1,1,0.0,0.0,0.0,0.0024884259259259256,,2026-03-02 07:54:43+00:00
515302020,no_user_written_edge,0,0,1,True,20,6,0.55,0.4,0.25,394.80689814814815,0.9166666666666666,2026-03-10 22:47:04+00:00
518698474,no_user_written_edge,0,0,1,True,54,4,0.6851851851851852,0.07407407407407407,0.05555555555555555,90.59052083333333,0.6981132075471698,2025-10-14 18:45:15+00:00
519909104,no_user_written_edge,0,0,1,True,25,1,0.6,0.0,0.0,0.9315046296296295,1.0,2025-05-18 00:31:33+00:00
521404205,no_user_written_edge,0,0,1,True,1,1,0.0,0.0,0.0,0.2908912037037037,,2025-08-01 23:51:35+00:00
532097222,no_user_written_edge,0,0,1,True,5,1,0.6,0.4,0.2,0.04267361111111111,1.0,2025-06-16 15:07:43+00:00
540515813,no_user_written_edge,0,0,1,True,1,1,0.0,0.0,0.0,0.00568287037037037,,2026-01-11 19:48:30+00:00
540527604,no_user_written_edge,0,0,1,True,11,1,0.6363636363636364,1.7272727272727273,0.6363636363636364,66.97054398148148,0.7,2025-08-11 15:06:22+00:00
542017915,no_user_written_edge,0,0,1,True,20,1,0.55,0.15,0.15,202.0124884259259,0.6111111111111112,2025-12-05 02:09:48+00:00
564072810,no_user_written_edge,0,0,1,True,103,7,0.8446601941747572,0.6504854368932039,0.2912621359223301,234.03670138888887,0.8613861386138614,2026-02-26 19:55:20+00:00
565750987,no_user_written_edge,0,0,2,True,3,1,0.6666666666666666,0.6666666666666666,0.6666666666666666,3.438159722222222,1.0,2025-06-07 17:54:19+00:00
568098118,no_user_written_edge,0,0,4,True,2,1,0.0,0.0,0.0,0.2144560185185185,,2025-09-10 20:38:48+00:00
568430347,no_user_written_edge,0,0,1,True,23,1,0.6956521739130435,0.43478260869565216,0.2608695652173913,132.07482638888888,0.7619047619047619,2025-12-25 08:50:02+00:00
568889436,no_user_written_edge,0,0,1,True,1,1,0.0,0.0,0.0,0.012361111111111111,,2025-05-30 11:08:49+00:00
575865240,no_user_written_edge,0,0,1,True,84,4,0.32142857142857145,1.3333333333333333,0.47619047619047616,246.9854513888889,0.35526315789473684,2026-03-06 09:46:31+00:00
580974564,no_user_written_edge,0,0,1,True,2,2,0.0,2.0,0.5,22.059618055555553,,2025-06-17 19:04:18+00:00
586920414,no_user_written_edge,0,0,5,True,9,3,0.5555555555555556,1.0,0.3333333333333333,23.878090277777776,0.8333333333333334,2025-07-14 06:15:41+00:00
590452775,no_user_written_edge,0,0,1,True,1,1,0.0,0.0,0.0,0.0009259259259259259,,2025-06-06 10:51:02+00:00
594155488,no_user_written_edge,0,0,4,True,6,1,0.5,1.5,0.8333333333333334,13.706331018518517,0.75,2025-06-02 16:18:49+00:00
595662105,no_user_written_edge,0,0,4,True,145,3,0.503448275862069,0.8275862068965517,0.4413793103448276,175.42033564814815,0.5251798561151079,2026-02-11 22:40:21+00:00
599431918,no_user_written_edge,0,0,2,True,181,3,0.4585635359116022,1.5082872928176796,0.32044198895027626,74.58129629629629,0.4715909090909091,2025-10-09 03:43:04+00:00
599547518,no_user_written_edge,0,0,2,True,48,12,0.3958333333333333,2.3541666666666665,0.7916666666666666,181.8182986111111,0.5428571428571428,2025-11-16 02:26:34+00:00
600113513,no_user_written_edge,0,0,7,True,1,1,0.0,0.0,0.0,10.98659722222222,,2025-07-11 14:52:49+00:00
601303277,no_user_written_edge,0,0,3,True,39,5,0.5897435897435898,0.3076923076923077,0.1794871794871795,108.44969907407408,0.6764705882352942,2025-09-02 09:10:28+00:00
609765386,no_user_written_edge,0,0,1,True,3,2,0.6666666666666666,0.6666666666666666,0.3333333333333333,57.12540509259259,1.0,2026-01-01 05:36:20+00:00
617799085,no_user_written_edge,0,0,2,True,16,2,0.6875,5.8125,0.9375,26.019849537037036,0.7857142857142857,2025-09-04 21:32:59+00:00
624615692,no_user_written_edge,0,0,1,True,17,2,0.5882352941176471,0.6470588235294118,0.6470588235294118,95.60674768518518,1.0,2025-07-03 23:15:15+00:00
626978831,no_user_written_edge,0,0,1,True,1,1,0.0,0.0,0.0,0.00037037037037037035,,2025-09-10 15:54:47+00:00
628067244,no_user_written_edge,0,0,2,True,25,2,0.64,0.6,0.44,90.02216435185184,0.7272727272727273,2025-10-13 02:54:59+00:00
632871628,no_user_written_edge,0,0,2,True,2,2,0.0,0.0,0.0,62.31166666666666,,2025-11-11 17:33:05+00:00
633927609,no_user_written_edge,0,0,6,True,24,3,0.625,0.375,0.25,121.8826736111111,0.7142857142857143,2025-05-17 18:21:03+00:00
635850823,no_user_written_edge,0,0,1,True,36,5,0.5555555555555556,1.8333333333333333,0.4444444444444444,198.10025462962963,0.7142857142857143,2026-03-11 20:31:53+00:00
647353967,no_user_written_edge,0,0,1,True,16,2,0.75,1.4375,0.5,109.51667824074073,0.9230769230769231,2025-09-05 15:01:43+00:00
653048276,no_user_written_edge,0,0,1,True,1,1,0.0,0.0,0.0,0.0006481481481481481,,2025-06-09 16:55:31+00:00
653589102,no_user_written_edge,0,0,1,True,170,5,0.5117647058823529,0.8,0.4411764705882353,327.96844907407404,0.5209580838323353,2026-01-26 15:18:30+00:00
655181249,no_user_written_edge,0,0,1,True,1,1,0.0,1.0,1.0,0.0038078703703703703,,2025-07-01 02:00:52+00:00
657204276,no_user_written_edge,0,0,1,True,3,1,0.3333333333333333,0.3333333333333333,0.3333333333333333,262.9832407407407,0.5,2026-03-07 11:49:52+00:00
658849262,no_user_written_edge,0,0,2,True,9,1,0.6666666666666666,0.0,0.0,1.0432175925925926,1.0,2025-07-05 21:57:58+00:00
658914776,no_user_written_edge,0,0,1,True,57,1,0.7543859649122807,0.03508771929824561,0.03508771929824561,89.4489699074074,0.8775510204081632,2025-09-18 05:59:52+00:00
668453226,no_user_written_edge,0,0,1,True,3,1,0.3333333333333333,0.0,0.0,10.011493055555555,1.0,2025-06-13 23:54:06+00:00
668493044,no_user_written_edge,0,0,8,True,18,4,0.7777777777777778,2.0,0.8888888888888888,51.8946412037037,0.875,2025-07-10 20:56:00+00:00
668673665,no_user_written_edge,0,0,1,True,48,4,0.20833333333333334,1.6875,0.5416666666666666,219.20739583333332,0.3225806451612903,2026-03-12 13:22:15+00:00
668906267,no_user_written_edge,0,0,3,True,5,1,0.2,0.4,0.4,11.000185185185185,1.0,2025-11-14 08:31:27+00:00
669466632,no_user_written_edge,0,0,1,True,232,4,0.6637931034482759,2.4741379310344827,0.6982758620689655,190.92961805555555,0.6724890829694323,2025-12-18 19:04:15+00:00
669533784,no_user_written_edge,0,0,1,True,10,1,0.6,0.0,0.0,3.5418518518518516,0.75,2025-05-25 16:04:56+00:00
671269505,no_user_written_edge,0,0,3,True,32,11,0.59375,0.125,0.125,194.2455787037037,0.7037037037037037,2025-09-07 05:06:40+00:00
677083126,no_user_written_edge,0,0,2,True,3,1,0.0,0.0,0.0,104.02960648148148,0.0,2025-11-11 18:25:35+00:00
677526746,no_user_written_edge,0,0,1,True,2,1,0.5,1.0,0.5,3.248969907407407,1.0,2025-10-30 17:49:33+00:00
679017521,no_user_written_edge,0,0,1,True,102,2,0.3333333333333333,0.5294117647058824,0.11764705882352941,266.12861111111107,0.4657534246575342,2025-09-16 03:28:21+00:00
679564689,no_user_written_edge,0,0,1,True,4,2,0.75,0.0,0.0,65.79086805555555,1.0,2025-09-08 05:59:25+00:00
692042935,no_user_written_edge,0,0,1,True,78,2,0.7051282051282052,3.6538461538461537,0.8076923076923077,148.78956018518517,0.7333333333333333,2026-03-06 16:38:04+00:00
700802532,no_user_written_edge,0,0,1,True,3,1,0.3333333333333333,1.3333333333333333,0.6666666666666666,63.69927083333333,1.0,2025-09-17 14:42:26+00:00
701239058,no_user_written_edge,0,0,1,True,4,3,0.5,0.5,0.5,85.01119212962962,0.6666666666666666,2025-10-17 02:47:10+00:00
701494311,no_user_written_edge,0,0,1,True,41,7,0.4878048780487805,0.43902439024390244,0.34146341463414637,127.37679398148147,0.6451612903225806,2025-10-16 13:19:15+00:00
703114651,no_user_written_edge,0,0,5,True,7,2,0.7142857142857143,0.8571428571428571,0.7142857142857143,93.16248842592591,1.0,2026-02-04 03:13:41+00:00
707441527,no_user_written_edge,0,0,4,True,25,14,0.24,0.04,0.04,365.85211805555554,0.4,2026-03-04 18:00:35+00:00
710601088,no_user_written_edge,0,0,31,True,381,5,0.11286089238845144,0.25196850393700787,0.14698162729658792,264.9825925925926,0.1178082191780822,2025-09-18 20:27:37+00:00
711301476,no_user_written_edge,0,0,1,True,1,1,0.0,0.0,0.0,0.0003009259259259259,,2025-06-16 07:39:00+00:00
716778600,no_user_written_edge,0,0,3,True,16,2,0.3125,0.75,0.5,43.741643518518515,0.5,2025-07-03 20:19:31+00:00
719367294,no_user_written_edge,0,0,2,True,9,1,0.2222222222222222,0.6666666666666666,0.2222222222222222,248.93542824074072,0.3333333333333333,2026-02-07 22:12:37+00:00
722597620,no_user_written_edge,0,0,1,True,77,4,0.7922077922077922,0.974025974025974,0.5714285714285714,227.48859953703703,0.8026315789473685,2026-02-19 15:12:42+00:00
723294223,no_user_written_edge,0,0,1,True,1,1,0.0,0.0,0.0,0.003356481481481481,,2026-02-16 02:21:31+00:00
727311636,no_user_written_edge,0,0,1,True,1,1,0.0,1.0,1.0,0.002986111111111111,,2025-11-06 06:43:22+00:00
740303686,no_user_written_edge,0,0,1,True,65,16,0.15384615384615385,0.2,0.06153846153846154,165.3582986111111,0.17857142857142858,2026-02-02 11:55:31+00:00
742063678,no_user_written_edge,0,0,2,True,33,1,0.09090909090909091,0.030303030303030304,0.030303030303030304,265.5415162037037,0.0967741935483871,2025-09-19 13:55:04+00:00
749681472,no_user_written_edge,0,0,2,True,12,1,0.6666666666666666,0.16666666666666666,0.16666666666666666,0.9250231481481481,1.0,2025-06-12 07:19:33+00:00
750789159,no_user_written_edge,0,0,1,True,42,2,0.7142857142857143,1.2142857142857142,0.42857142857142855,299.2122337962963,0.7894736842105263,2026-03-13 13:51:47+00:00
756126820,no_user_written_edge,0,0,1,True,20,2,0.7,0.3,0.1,120.58024305555556,0.8235294117647058,2025-11-07 13:47:00+00:00
764642350,no_user_written_edge,0,0,2,True,52,5,0.3269230769230769,1.8846153846153846,0.5384615384615384,380.8041782407407,0.34,2026-03-13 16:31:38+00:00
764670636,no_user_written_edge,0,0,2,True,5,3,0.8,0.4,0.2,62.09222222222222,1.0,2025-10-20 16:23:00+00:00
766067467,no_user_written_edge,0,0,1,True,44,1,0.9545454545454546,0.022727272727272728,0.022727272727272728,13.33222222222222,0.9767441860465116,2026-02-09 14:46:23+00:00
766839449,no_user_written_edge,0,0,1,True,7,4,0.8571428571428571,1.4285714285714286,0.5714285714285714,198.12046296296296,1.0,2026-03-06 07:55:14+00:00
770633006,no_user_written_edge,0,0,1,True,1,1,0.0,0.0,0.0,0.018692129629629628,,2025-11-15 23:38:46+00:00
775839592,no_user_written_edge,0,0,3,True,66,8,0.6515151515151515,0.7878787878787878,0.5,239.76091435185185,0.6935483870967742,2026-02-10 00:57:49+00:00
777230015,no_user_written_edge,0,0,3,True,266,3,0.7669172932330827,0.3233082706766917,0.19172932330827067,229.89056712962963,0.8225806451612904,2026-01-05 16:19:24+00:00
780293281,no_user_written_edge,0,0,1,True,1,1,0.0,0.0,0.0,0.011319444444444444,,2025-09-16 09:10:49+00:00
781211748,no_user_written_edge,0,0,3,True,64,3,0.8125,2.375,0.546875,264.9709027777778,0.8666666666666667,2026-03-02 10:55:23+00:00
784065050,no_user_written_edge,0,0,2,True,7,2,0.7142857142857143,1.1428571428571428,0.7142857142857143,140.14082175925924,0.8333333333333334,2026-01-08 06:18:37+00:00
787076358,no_user_written_edge,0,0,1,True,2,1,0.0,1.5,0.5,0.12528935185185183,0.0,2025-04-04 20:08:30+00:00
788904329,no_user_written_edge,0,0,2,True,12,1,0.75,0.08333333333333333,0.08333333333333333,14.59568287037037,0.8181818181818182,2025-06-18 21:07:43+00:00
792160692,no_user_written_edge,0,0,22,True,113,1,0.6283185840707964,0.3805309734513274,0.3008849557522124,12.544131944444445,0.8255813953488372,2025-05-30 10:24:39+00:00
796633002,no_user_written_edge,0,0,1,True,16,5,0.5625,1.125,0.5,276.956724537037,0.6428571428571429,2026-01-29 14:48:18+00:00
799220316,no_user_written_edge,0,0,1,True,8,3,0.75,0.125,0.125,153.5916550925926,0.8571428571428571,2025-12-01 22:38:34+00:00
805509054,no_user_written_edge,0,0,1,True,2,2,0.0,0.0,0.0,0.5562847222222222,,2026-03-02 16:34:46+00:00
805807054,no_user_written_edge,0,0,1,True,2,1,0.0,0.5,0.5,0.10414351851851851,0.0,2025-10-26 23:37:00+00:00
806618581,no_user_written_edge,0,0,1,True,5,1,0.0,0.4,0.4,16.033483796296295,0.0,2025-06-19 21:19:00+00:00
809302876,no_user_written_edge,0,0,1,True,5,2,0.4,1.0,0.6,17.67083333333333,0.5,2025-10-16 01:49:59+00:00
809772615,no_user_written_edge,0,0,1,True,1,1,0.0,0.0,0.0,0.0008101851851851852,,2025-06-05 22:32:19+00:00
809920524,no_user_written_edge,0,0,2,True,2,2,0.5,0.0,0.0,72.62568287037037,1.0,2025-09-20 10:05:38+00:00
812496927,no_user_written_edge,0,0,1,True,57,1,0.7017543859649122,0.2807017543859649,0.2807017543859649,89.10302083333333,0.9302325581395349,2025-09-05 08:02:45+00:00
814403270,no_user_written_edge,0,0,4,True,257,12,0.6926070038910506,0.31906614785992216,0.07782101167315175,246.8050925925926,0.7295081967213115,2026-02-06 08:49:52+00:00
820144741,no_user_written_edge,0,0,1,True,6,4,0.3333333333333333,1.3333333333333333,0.8333333333333334,106.68770833333333,0.4,2025-10-13 14:12:21+00:00
820527217,no_user_written_edge,0,0,8,True,8,3,0.375,1.25,0.75,110.98319444444444,1.0,2026-02-25 08:35:56+00:00
822046563,no_user_written_edge,0,0,1,True,10,1,0.5,0.0,0.0,20.07439814814815,0.5555555555555556,2025-06-06 18:14:38+00:00
825945799,no_user_written_edge,0,0,1,True,1,1,0.0,0.0,0.0,0.0019675925925925924,,2025-09-03 15:49:22+00:00
831623337,no_user_written_edge,0,0,1,True,8,1,0.625,0.125,0.125,9.495624999999999,0.8333333333333334,2025-06-16 15:00:05+00:00
832452447,no_user_written_edge,0,0,3,True,69,4,0.7681159420289855,0.34782608695652173,0.18840579710144928,49.05164351851852,0.803030303030303,2025-10-24 03:41:52+00:00
832552991,no_user_written_edge,0,0,9,True,13,2,0.07692307692307693,2.230769230769231,0.6923076923076923,41.39236111111111,0.09090909090909091,2025-05-20 14:22:15+00:00
838987724,no_user_written_edge,0,0,1,True,3,1,0.6666666666666666,0.6666666666666666,0.6666666666666666,0.08844907407407407,1.0,2025-05-26 04:39:35+00:00
843437350,no_user_written_edge,0,0,3,True,5,3,0.0,0.8,0.4,1.0081828703703704,0.0,2025-06-04 16:29:32+00:00
845317529,no_user_written_edge,0,0,5,True,122,4,0.8688524590163934,0.4180327868852459,0.1557377049180328,65.33226851851852,0.9217391304347826,2025-05-23 09:44:17+00:00
846698999,no_user_written_edge,0,0,1,True,21,14,0.3333333333333333,0.0,0.0,271.10424768518516,0.4117647058823529,2026-02-12 02:04:33+00:00
850004061,no_user_written_edge,0,0,2,True,40,1,0.8,2.0,0.85,62.902175925925924,0.9142857142857143,2025-06-27 08:04:05+00:00
851610840,no_user_written_edge,0,0,1,True,9,3,0.7777777777777778,0.8888888888888888,0.3333333333333333,107.48751157407406,0.875,2026-02-11 15:20:26+00:00
854337508,no_user_written_edge,0,0,1,True,5,2,0.0,0.0,0.0,79.01930555555555,0.0,2026-02-13 10:47:20+00:00
863069155,no_user_written_edge,0,0,1,True,3,2,0.0,0.0,0.0,121.81149305555554,0.0,2026-03-04 15:27:04+00:00
870943356,no_user_written_edge,0,0,1,True,10,2,0.6,0.7,0.6,203.24997685185184,0.6666666666666666,2026-02-18 21:55:54+00:00
881458615,no_user_written_edge,0,0,1,True,160,13,0.425,0.81875,0.4875,185.63420138888887,0.4503311258278146,2025-11-26 18:31:55+00:00
882626210,no_user_written_edge,0,0,1,True,4,1,0.5,1.25,0.5,13.13829861111111,0.6666666666666666,2025-04-18 12:03:26+00:00
886794998,no_user_written_edge,0,0,1,True,1,1,0.0,5.0,1.0,0.4902546296296296,,2026-03-11 02:20:18+00:00
887503379,no_user_written_edge,0,0,2,True,1,1,0.0,0.0,0.0,0.0006481481481481481,,2025-10-26 05:49:55+00:00
889412273,no_user_written_edge,0,0,1,True,1,1,0.0,0.0,0.0,0.046365740740740735,,2025-08-11 12:00:59+00:00
889784913,no_user_written_edge,0,0,1,True,1,1,0.0,0.0,0.0,0.0008101851851851852,,2025-10-24 10:04:22+00:00
895926919,no_user_written_edge,0,0,2,True,31,1,0.8709677419354839,1.6129032258064515,0.7419354838709677,44.19976851851852,0.9,2025-08-02 12:52:42+00:00
896363641,no_user_written_edge,0,0,2,True,26,1,0.8461538461538461,0.4230769230769231,0.4230769230769231,30.549930555555555,0.88,2025-07-08 06:15:27+00:00
911264133,no_user_written_edge,0,0,1,True,3,2,0.0,0.0,0.0,47.56219907407407,0.0,2026-02-12 02:59:56+00:00
912587006,no_user_written_edge,0,0,1,True,2,1,0.5,0.5,0.5,32.159733796296294,1.0,2026-03-08 01:56:40+00:00
920159501,no_user_written_edge,0,0,1,True,5,4,0.2,0.0,0.0,128.44283564814813,0.5,2026-03-05 05:12:07+00:00
920603619,no_user_written_edge,0,0,4,True,27,3,0.5555555555555556,0.1111111111111111,0.07407407407407407,105.38664351851851,0.6521739130434783,2025-09-20 06:00:59+00:00
922805069,no_user_written_edge,0,0,2,True,328,1,0.9176829268292683,0.0701219512195122,0.0701219512195122,1.827037037037037,1.0,2025-05-18 21:19:42+00:00
926252103,no_user_written_edge,0,0,2,True,12,2,0.08333333333333333,1.0833333333333333,0.6666666666666666,43.87925925925926,0.1,2025-07-23 23:55:31+00:00
927967893,no_user_written_edge,0,0,1,True,3,3,0.3333333333333333,0.0,0.0,248.4833796296296,1.0,2026-02-24 00:42:34+00:00
929338255,no_user_written_edge,0,0,4,True,16,2,0.75,1.5625,0.8125,103.71609953703704,0.9230769230769231,2025-10-11 08:15:48+00:00
931506474,no_user_written_edge,0,0,1,True,4,1,0.0,1.0,0.25,7.219386574074074,0.0,2025-09-18 20:06:57+00:00
933720213,no_user_written_edge,0,0,1,True,6,1,0.6666666666666666,0.8333333333333334,0.8333333333333334,0.17810185185185184,1.0,2025-06-04 14:36:25+00:00
936225376,no_user_written_edge,0,0,1,True,60,1,0.7333333333333333,0.5166666666666667,0.13333333333333333,170.0210185185185,0.7857142857142857,2025-11-16 19:35:58+00:00
943901988,no_user_written_edge,0,0,3,True,10,3,0.7,4.0,0.4,35.97415509259259,0.875,2025-09-11 07:08:19+00:00
945551361,no_user_written_edge,0,0,1,True,19,7,0.5263157894736842,1.263157894736842,0.21052631578947367,254.10324074074072,0.7142857142857143,2026-02-13 11:19:09+00:00
946140133,no_user_written_edge,0,0,1,True,24,1,0.8333333333333334,0.0,0.0,142.56435185185185,0.9090909090909091,2025-10-11 18:08:06+00:00
946359509,no_user_written_edge,0,0,1,True,13,2,0.6923076923076923,0.15384615384615385,0.07692307692307693,141.3244560185185,0.8181818181818182,2025-09-16 11:32:26+00:00
946767878,no_user_written_edge,0,0,1,True,3,3,0.0,0.0,0.0,85.61885416666667,0.0,2026-02-07 12:35:12+00:00
951563472,no_user_written_edge,0,0,2,True,1,1,0.0,0.0,0.0,0.00028935185185185184,,2025-05-28 13:08:47+00:00
952463457,no_user_written_edge,0,0,1,True,3,1,0.6666666666666666,2.6666666666666665,0.3333333333333333,16.425023148148146,1.0,2025-07-25 11:37:09+00:00
952988376,no_user_written_edge,0,0,3,True,51,1,0.7450980392156863,0.058823529411764705,0.058823529411764705,43.96378472222222,0.7755102040816326,2025-08-06 06:32:47+00:00
953683578,no_user_written_edge,0,0,2,True,6,3,0.3333333333333333,0.16666666666666666,0.16666666666666666,7.096516203703703,1.0,2025-06-13 11:30:40+00:00
957245447,no_user_written_edge,0,0,3,True,89,2,0.9438202247191011,0.42696629213483145,0.12359550561797752,69.45313657407407,0.9655172413793104,2025-08-15 07:11:35+00:00
957293745,no_user_written_edge,0,0,1,True,7,1,0.8571428571428571,1.0,0.8571428571428571,12.268634259259258,1.0,2025-06-01 05:27:10+00:00
958331702,no_user_written_edge,0,0,1,True,4,1,0.75,0.0,0.0,75.20431712962963,1.0,2025-09-29 23:30:38+00:00
958804967,no_user_written_edge,0,0,4,True,29,2,0.8620689655172413,0.034482758620689655,0.034482758620689655,223.87288194444443,0.9259259259259259,2026-01-16 17:21:54+00:00
959682770,no_user_written_edge,0,0,3,True,144,3,0.8333333333333334,0.9166666666666666,0.3194444444444444,112.25065972222221,0.8759124087591241,2025-07-24 17:38:41+00:00
960484071,no_user_written_edge,0,0,1,True,1,1,0.0,0.0,0.0,0.004548611111111111,,2026-02-19 21:19:37+00:00
963547829,no_user_written_edge,0,0,1,True,31,3,0.8064516129032258,0.22580645161290322,0.12903225806451613,34.08297453703703,0.8928571428571429,2025-06-23 21:04:39+00:00
979560403,no_user_written_edge,0,0,1,True,34,5,0.47058823529411764,0.11764705882352941,0.08823529411764706,170.31056712962962,0.5333333333333333,2026-02-08 22:25:15+00:00
984979554,no_user_written_edge,0,0,3,True,2,1,0.5,1.5,0.5,0.9374884259259259,1.0,2026-02-03 12:54:48+00:00
985303505,no_user_written_edge,0,0,1,True,9,1,0.8888888888888888,1.4444444444444444,0.6666666666666666,83.32719907407407,1.0,2025-09-19 21:10:26+00:00
988488798,no_user_written_edge,0,0,1,True,11,4,0.45454545454545453,0.18181818181818182,0.09090909090909091,49.447164351851846,0.5,2025-07-28 07:17:53+00:00
988545158,no_user_written_edge,0,0,1,True,17,2,0.7647058823529411,0.23529411764705882,0.17647058823529413,132.59318287037036,0.8125,2025-10-06 12:35:37+00:00
993805781,no_user_written_edge,0,0,1,True,37,5,0.2702702702702703,0.5675675675675675,0.21621621621621623,131.0724074074074,0.7692307692307693,2025-12-02 08:47:23+00:00
996540721,no_user_written_edge,0,0,1,True,11,2,0.6363636363636364,2.1818181818181817,0.6363636363636364,120.2130787037037,0.7,2025-11-06 10:31:37+00:00
999128119,no_user_written_edge,0,0,1,True,10,1,0.8,1.1,0.4,177.6074074074074,0.8888888888888888,2025-12-20 13:14:16+00:00
1001215857,no_user_written_edge,0,0,1,True,10,2,0.5,0.1,0.1,263.228125,0.625,2026-03-10 03:23:28+00:00
1002125012,no_user_written_edge,0,0,1,True,93,40,0.17204301075268819,0.0,0.0,241.97715277777777,0.22857142857142856,2026-03-15 03:44:28+00:00
1004147641,no_user_written_edge,0,0,7,True,3,1,0.6666666666666666,0.6666666666666666,0.6666666666666666,11.794108796296296,1.0,2025-08-05 06:56:07+00:00
1004340390,no_user_written_edge,0,0,3,True,58,2,0.9310344827586207,0.034482758620689655,0.034482758620689655,28.973402777777775,0.9642857142857143,2025-08-03 03:56:22+00:00
1005196133,no_user_written_edge,0,0,1,True,90,1,0.7,2.2555555555555555,0.9222222222222223,55.12479166666667,0.7159090909090909,2025-08-19 11:48:40+00:00
1009089036,no_user_written_edge,0,0,2,True,14,2,0.7142857142857143,1.0714285714285714,0.35714285714285715,86.82916666666667,0.9090909090909091,2025-10-18 13:56:31+00:00
1011961402,no_user_written_edge,0,0,1,True,16,3,0.4375,0.0625,0.0625,38.68153935185185,0.5833333333333334,2025-08-12 08:01:18+00:00
1012625755,no_user_written_edge,0,0,5,True,32,4,0.78125,0.75,0.5625,30.328888888888887,0.8333333333333334,2026-02-16 05:42:22+00:00
1013416985,no_user_written_edge,0,0,1,True,40,4,0.225,0.25,0.175,190.1829861111111,0.2571428571428571,2026-03-14 00:38:08+00:00
1013480284,no_user_written_edge,0,0,1,True,18,12,0.5555555555555556,0.2222222222222222,0.2222222222222222,197.9842361111111,0.7692307692307693,2026-01-30 16:57:54+00:00
1014807216,no_user_written_edge,0,0,1,True,2,1,0.5,0.0,0.0,0.04454861111111111,1.0,2026-01-15 20:25:14+00:00
1018687398,no_user_written_edge,0,0,1,True,28,1,0.6071428571428571,2.0357142857142856,0.75,49.54453703703703,0.6296296296296297,2025-12-23 18:29:50+00:00
1018698329,no_user_written_edge,0,0,1,True,18,1,0.8888888888888888,0.16666666666666666,0.1111111111111111,5.344652777777777,0.9411764705882353,2025-07-21 05:00:40+00:00
1019382196,no_user_written_edge,0,0,9,True,42,4,0.21428571428571427,0.6666666666666666,0.2619047619047619,209.81391203703703,0.28125,2026-02-09 05:00:51+00:00
1019432584,no_user_written_edge,0,0,1,True,63,21,0.6507936507936508,0.0,0.0,205.8615625,0.6949152542372882,2026-02-06 06:44:43+00:00
1020144870,no_user_written_edge,0,0,1,True,54,2,0.7777777777777778,0.6481481481481481,0.4074074074074074,164.0190972222222,0.7924528301886793,2026-01-07 20:12:49+00:00
1025125300,no_user_written_edge,0,0,1,True,1,1,0.0,0.0,0.0,0.0070254629629629625,,2025-08-11 12:14:32+00:00
1029240529,no_user_written_edge,0,0,2,True,2,1,0.5,0.5,0.5,0.008125,1.0,2025-08-24 04:23:24+00:00
1029550379,no_user_written_edge,0,0,1,True,17,3,0.8823529411764706,0.0,0.0,55.36674768518518,0.9375,2025-10-09 02:40:44+00:00
1030558707,no_user_written_edge,0,0,9,True,21,2,0.8095238095238095,2.238095238095238,0.9047619047619048,49.933113425925924,0.85,2025-10-03 18:10:46+00:00
1032170083,no_user_written_edge,0,0,6,True,11,1,0.0,0.0,0.0,0.05834490740740741,,2025-08-15 22:32:08+00:00
1038012475,no_user_written_edge,0,0,1,True,6,1,0.8333333333333334,0.3333333333333333,0.3333333333333333,112.99873842592592,1.0,2025-12-06 05:18:29+00:00
1042367133,no_user_written_edge,0,0,2,True,8,6,0.0,0.0,0.0,16.46238425925926,0.0,2025-10-03 07:02:10+00:00
1045340059,no_user_written_edge,0,0,2,True,1,1,0.0,0.0,0.0,0.0003935185185185185,,2025-10-21 06:17:47+00:00
1048065319,no_user_written_edge,0,0,2,True,174,23,0.5287356321839081,0.16666666666666666,0.09195402298850575,116.00537037037036,0.5476190476190477,2026-01-03 08:01:48+00:00
1048601047,no_user_written_edge,0,0,1,True,3,2,0.0,0.0,0.0,87.82737268518518,0.0,2026-02-16 16:17:01+00:00
1050131556,no_user_written_edge,0,0,1,True,5,2,0.6,0.2,0.2,7.1366550925925925,0.75,2026-02-04 09:05:25+00:00
1051086270,no_user_written_edge,0,0,1,True,274,10,0.7153284671532847,0.051094890510948905,0.025547445255474453,185.2876388888889,0.765625,2026-03-13 08:02:44+00:00
1054512829,no_user_written_edge,0,0,1,True,14,2,0.0,0.0,0.0,87.12982638888889,0.0,2026-01-19 03:47:48+00:00
1054534794,no_user_written_edge,0,0,5,True,15,1,0.0,0.0,0.0,4.364016203703703,,2025-09-15 10:33:30+00:00
1056120113,no_user_written_edge,0,0,1,True,11,2,0.2727272727272727,0.0,0.0,10.323912037037037,0.3333333333333333,2025-10-02 01:00:35+00:00
1057144703,no_user_written_edge,0,0,2,True,28,3,0.5357142857142857,1.25,0.5714285714285714,14.761597222222221,0.6521739130434783,2025-10-09 10:18:48+00:00
1057381764,no_user_written_edge,0,0,1,True,11,2,0.7272727272727273,1.1818181818181819,0.6363636363636364,115.73978009259258,0.8,2026-03-13 09:20:54+00:00
1062297179,no_user_written_edge,0,0,2,True,3,3,0.6666666666666666,1.0,0.3333333333333333,34.77569444444444,1.0,2026-03-09 04:25:41+00:00
1074669117,no_user_written_edge,0,0,1,True,3,3,0.0,0.0,0.0,92.46350694444445,0.0,2026-02-27 01:47:07+00:00
1075118302,no_user_written_edge,0,0,1,True,1,1,0.0,0.0,0.0,0.0016203703703703703,,2025-10-30 13:10:49+00:00
1076863218,no_user_written_edge,0,0,1,True,11,6,0.5454545454545454,0.2727272727272727,0.18181818181818182,86.08887731481481,0.75,2026-02-10 10:19:00+00:00
1081770999,no_user_written_edge,0,0,1,True,95,6,0.6210526315789474,3.136842105263158,0.49473684210526314,121.98378472222221,0.7972972972972973,2026-02-25 05:38:47+00:00
1087464350,no_user_written_edge,0,0,1,True,1,1,0.0,0.0,0.0,0.0021296296296296293,,2026-03-08 04:50:55+00:00
1088382917,no_user_written_edge,0,0,1,True,11,2,0.45454545454545453,1.3636363636363635,0.36363636363636365,52.9640162037037,0.5,2026-02-10 17:04:40+00:00
1092179228,no_user_written_edge,0,0,1,True,1,1,0.0,0.0,0.0,5.413541666666666,,2025-11-15 22:11:40+00:00
1102157650,no_user_written_edge,0,0,1,True,1,1,0.0,0.0,0.0,0.001597222222222222,,2025-11-24 13:44:42+00:00
1104019361,no_user_written_edge,0,0,3,True,141,4,0.4326241134751773,0.10638297872340426,0.09929078014184398,45.95405092592593,0.488,2026-01-11 22:01:00+00:00
1110222585,no_user_written_edge,0,0,2,True,245,60,0.4775510204081633,0.363265306122449,0.06938775510204082,31.071215277777775,0.6923076923076923,2026-01-18 20:52:55+00:00
1120304511,no_user_written_edge,0,0,1,True,6,4,0.3333333333333333,0.0,0.0,34.490949074074074,1.0,2026-02-09 03:01:08+00:00
1120409065,no_user_written_edge,0,0,1,True,2,1,0.5,0.5,0.5,69.03759259259259,1.0,2026-03-15 12:20:37+00:00
1122493499,no_user_written_edge,0,0,1,True,3,3,0.3333333333333333,0.0,0.0,13.797766203703704,0.5,2026-01-09 04:40:37+00:00
1126016135,no_user_written_edge,0,0,1,True,3,3,0.0,0.0,0.0,61.84179398148148,0.0,2026-03-06 12:32:26+00:00
1126036125,no_user_written_edge,0,0,1,True,1,1,0.0,0.0,0.0,0.0009837962962962962,,2026-01-10 23:07:40+00:00
1126728730,no_user_written_edge,0,0,1,True,12,7,0.0,0.0,0.0,29.399907407407404,0.0,2026-02-16 02:08:54+00:00
1126960247,no_user_written_edge,0,0,1,True,8,6,0.125,0.0,0.0,42.31739583333333,0.3333333333333333,2026-02-15 17:52:36+00:00
1132484374,no_user_written_edge,0,0,17,True,32,2,0.03125,2.9375,0.6875,15.253171296296296,1.0,2026-03-11 03:29:31+00:00
1143714962,no_user_written_edge,0,0,1,True,15,2,0.8,0.0,0.0,20.563842592592593,0.8571428571428571,2026-02-18 12:24:52+00:00
1146547653,no_user_written_edge,0,0,1,True,3,2,0.3333333333333333,0.3333333333333333,0.3333333333333333,1.053449074074074,1.0,2026-02-05 12:20:21+00:00
1147379948,no_user_written_edge,0,0,1,True,1,1,0.0,0.0,0.0,0.002546296296296296,,2026-02-19 16:48:02+00:00
1149707767,no_user_written_edge,0,0,1,True,70,39,0.34285714285714286,0.4714285714285714,0.1,26.505868055555553,0.4528301886792453,2026-03-10 05:50:00+00:00
1157545826,no_user_written_edge,0,0,1,True,3,2,0.0,1.0,1.0,8.471874999999999,0.0,2026-03-01 15:41:32+00:00
1158845111,no_user_written_edge,0,0,7,True,24,2,0.7083333333333334,1.3333333333333333,0.6666666666666666,24.420243055555556,0.8095238095238095,2026-03-12 12:39:13+00:00
1160886023,no_user_written_edge,0,0,1,True,4,3,0.25,0.0,0.0,11.066296296296295,0.5,2026-03-04 01:07:29+00:00
1165733654,no_user_written_edge,0,0,1,True,1,1,0.0,0.0,0.0,0.0035069444444444445,,2026-02-24 19:04:19+00:00
1175489176,no_user_written_edge,0,0,1,True,3,3,0.0,0.0,0.0,1.780173611111111,,2026-03-14 14:42:04+00:00
1176011916,no_user_written_edge,0,0,1,True,5,3,0.0,0.0,0.0,2.0318634259259256,0.0,2026-03-11 08:58:09+00:00
