path,bytes,sha256
.zenodo.json,6525,628098a5266a204fa4626f9516d96e9e02654a2a4a9fe2014547a4e48870c412
CITATION.cff,5733,25e66250a92459469aa4db12882863e5f8ef6b4ebc863b7f22e88b0144ebc494
LICENSE,1163,8cd51abf1f335b3b0751fe8e30bea365b6f733f1020f60a16bb1cb65afa20d88
NOTICE.md,912,010ee8f45ab6caed283bbc52ff716172316971d9345977711b630eb6ae3e2ca6
README.md,12901,b21495b55629d543f2436f5c91d41b522c7885f31d5019b77616b6554768e1f1
REPRODUCE.md,12759,c964154996bf7c7bb49395faaf5987864a5437e6f135a6064d173fee3164053b
docs/audits/CLEAN_BUNDLE_SMOKE_TEST_20260826.md,6874,5f6d6aa6db037494d6d79fb5798c88d870b562058f0552d73c664ea2b845b745
docs/audits/CROSS_DATASET_COMPATIBILITY_20260826.md,16418,83e4820969363936fb8c4c2775eeee13968f11f330cbc995c40ec01ef03036bb
docs/audits/EXTERNAL_DATASET_SURVEY_20260826.md,16640,a1183a0b22c5e906e03540ac546d0bad5a3c0aedf663319957fc6c76b4f0fd9e
docs/audits/EXTERNAL_DATA_PROVENANCE_20260826.md,2913,4d04d167b0f76e846907781b53d4936e6d6f28c1a3e06de2b4d592a2688d0055
docs/audits/EXTERNAL_SEMANTIC_ARTIFACT_AUDIT_20260826.md,8216,10023c8998299208e8d09f4eceab42d7fd2ab05d855f9d241b0d1bfb99236f35
docs/audits/FRONTIER_NOVELTY_AUDIT_20260826.md,13775,bfc3fcaad90ea38d3ec6565997df2ad2c3df25807b41092eb0a28970e260eeb3
docs/audits/SWE_REVIEW_CHAT_DATA_QUALITY_20260826.md,6237,3e39c11a8db33a78602f54c25c362bae80b8a9ab418317acbc3b88e9c09356f3
docs/audits/SWE_REVIEW_CHAT_EXACT_EDGE_PILOT_20260826.md,3710,6b7ee87bf2dbf3f0ef17fe7dd89b50fbaf50a6634e003869d0ab846818fbe0e0
docs/audits/VALIDATION_REPORT.md,6119,490bd46a3035a8996cdb9dbd747ed1cf2edbe6d1180018e02c334cde371eb0e5
docs/decisions/CROSS_FEEDBACK_PIVOT_2026-08-25.md,2816,a6130259180ca71a77d8edf8602f5e6f2b2d440cc7b3bf8fe073bf36f2f090d2
docs/decisions/EXPERIMENT_DECISION_2026-08-25.md,3707,c2188780ab1158ad4b0091e97b78e0cb9c84c38998c1f633cefb5ff8f9669816
docs/decisions/FEEDBACK_ROUTING_MODEL_DECISION.md,1869,14cdccf6efe6338cc8212687bf95a9abcc9b05cb6ecb1f4d001b8e040f6b166f
docs/decisions/INSIGHT_DECISION.md,3000,10d554c32e313272066d70544cce3f6eb558a7a338545fcf0717c1873615bdd3
docs/decisions/INSIGHT_NOVELTY_DECISION_20260826.md,6475,653ed258aaf08db0d3454d0ce4d072a4df6557a59319288a057bf9c501830698
docs/decisions/MATCHED_ADOPTION_EXPLORATION_2026-08-25.md,2605,26fe6f6d0b4f6abbf3b2b51b39048ad6f4a820d6c9db1ab2f989cd911fe22803
docs/decisions/NOVELTY_AUDIT.md,3032,e6d9efc05d00c951cf3d1d93d942501b288a2831f39f8c76cc433e9d0755e489
docs/decisions/NOVELTY_POSITION_20260826.md,4764,bc06578653cab9b176b228438ce8906a412b67fee7fe0e556ac5608900095af0
docs/decisions/VENUE_SIGNOFF_20260826.md,4075,2a69190f69cc2ef59ad6a1145c8bc1e8d48c546c39f20b40fb09710ab8ac5b3b
docs/guides/ARTIFACT_DEPOSIT.md,7927,e58675919bbd9768f05c6a73cd9843f99907c26c2912383d3632794e2160cfdc
docs/guides/DATASET_GUIDE.md,7018,16692cfe343d0b5665f2814217826b90cb4df31d1d2ced71890b335457de17c2
docs/guides/FIGURE_DESIGN_SYSTEM_20260826.md,15703,656bb4736c8b2d1566c304d32c4488cb542ee5ad5531f387300c3da43fd0e014
docs/guides/HUMAN_AUDIT_PROTOCOL.md,2876,57976e8468a0498646d5bf6d7b158ee719e20b9959ddd0d60beaf955013ec704
docs/guides/RESEARCH_BRIEF.md,1907,48af601635c8a841520da6fec99e508a5f3c6d1966deb35a52eda437c91c6e79
docs/guides/TASK_LABEL_VALIDATION_CODEBOOK.md,2400,28d70a444402af86e6817185a0379b16d8fbac868c4b23453027e2176290f8a0
docs/notes/EVENT_CHAIN_DEBATCH_AUDIT.md,9435,4e4d64363c91ead1b9ff5f2797ea134805b87dbe737e3d59fb4a3df73710e6a2
docs/notes/FRONTIER_GAP_MATRIX_20260826.md,17750,b9993981cc8ffa444891a5a0f8a688bf67e37dea017f39d0894c0c7b379da03b
docs/notes/LEGACY_NEW_EXPERIMENTS_20260826.md,1837,96e59b6612041971c74a1d18ea6d1e6fa44717fb68248b111d2ce6a2cdcca4fa
docs/notes/NEXT_PAPER_STORY_CANDIDATES.md,13921,da0caaedbd7d4eb5e07c1810db2e51f521ee614a77b163df7fc2ca7539c073e3
docs/notes/NOVELTY_FEEDBACK_RESPONSE_2026-08-25.md,7851,10e7b9c028d8f453c4e21cc6227a8aa83908a83f084a72518a9c6a0c930cd440
docs/notes/NOVELTY_REPIVOT.md,12962,2d5c1eae1a649f6c44fecd667bd78af60e7719a7a17c17dfb6117370bdea5d39
docs/notes/PAPER_PIVOT_PLAN.md,12474,b696d3bc4e1762a515b21562f7c8c9e87d5db1b6c84ad820c6e370749d33b4c7
docs/notes/PAPER_REPIVOT_AFTER_AUDIT.md,14172,77761b3c75668dcf584ca58910c7e5a9470823582d00137f0353d41b4f789ff8
docs/notes/SKEPTICAL_DESIGN_REVIEW_20260826.md,18405,55d8555f6696f3a57cdce8cbb12641782cab226c40d654a4f616a9d83aa0b677
docs/notes/SPECIALIZATION_PAPER_PIVOT.md,11036,6384d6e0e6072d0f4b73699b2285606a0a66ff94bcf1a2752ea5d949af64b0dd
docs/notes/direct_multibrand_mechanism_audit.md,12019,849fba01b54af1a826f91ac2c5b0a408b8f5cfc804af1b50bcb257826aa6ba75
docs/notes/legacy_audit.md,11459,0f31d322ccf3e5121dc8e2e682162ae0a11f1e1e8129ad6e55786d3bbf983f97
docs/notes/manual_label_agreement.md,4752,9c557b59d1e6345c16ea70ab1fe0e8028dcc5bb05eba607b7c72f923ff910dab
docs/notes/manual_label_legacy_report.md,2968,cdafda2a768ff1aa88e2dcba5c7ba4369d94ac4f3a191c3688191158e4f4687c
docs/notes/manual_label_novelty_report.md,3022,11b0bcf06f42f3376fa07ade83527edab2e776dd32fb5370a6742639206d0ffa
docs/notes/specialization_audit.md,15092,60b505780d67e49e8fd8cc3519560ddaf75bfa49b878ce1df5a6273df0281613
outputs/README.md,1687,256d02c95a1fe30563fdac20fb072adce7eed36fa51df6b61b7b075448e8538e
outputs/addressed_edge_landmark/README.md,3882,d52704d816010325a53f2a4ea551b63700f7d45a733d6f4d0957a1d48597bad3
outputs/addressed_edge_landmark/addressed_edge_clustered_lpm.csv,4294,a86f6d36c159a026d9b3aa99f7574d1370399c32497aab77b3a42f245afad597
outputs/addressed_edge_landmark/addressed_edge_clustered_lpm_all_terms.csv,32986,cf5fbd390683acde7e0635c87ed0f14a0f9a61a26a3feba8370819685abd0600
outputs/addressed_edge_landmark/analysis_cohort.parquet,75658,36355684c8089b7da3ec357d057db9a3c47a42964ee9b397bb2c73563ca4b069
outputs/addressed_edge_landmark/denominators.csv,1300,8323c57f7160e1dc1d50378b7fba71c7465d7bf43ffe080502ccf6a92bfb7859
outputs/addressed_edge_landmark/exact_parent_reply_event_audit.parquet,7559,2e533b693728183efab079738ec2fc15238a57fec6eaa8bd2c2f8f26a86fb4c5
outputs/addressed_edge_landmark/exposure_concentration_summary.csv,760,9528b68b5417cd699ac919629509ac7041fadf457b498cee1c5003150ff2d3f5
outputs/addressed_edge_landmark/leave_one_product_pair_out.csv,24208,15d762f0b85d8e1caf91ef9d615969be447293550cc1c5262b608b484b5db2bc
outputs/addressed_edge_landmark/leave_one_product_pair_out_summary.csv,1461,d0c3c2fffc3ae13d28814546bd38413164f729913cd546e6bf1c65b78473bf3a
outputs/addressed_edge_landmark/manifest.json,2810,6e60d0c9a1e35af23ca354a0a77691e4a4144ce8f042286c5e201731d1fa50fb
outputs/addressed_edge_landmark/ordered_product_pair_support.csv,3612,5fec572280990c6f8392a9db6f21804640ec935a8960ae85cef28417ad7f5a21
outputs/addressed_edge_landmark/pretrigger_balance.csv,2027,cd0ec27ed476c5581f251d29b7639280b048b443a2b74a99a493a100b7bea103
outputs/addressed_edge_landmark/repository_exposure_support.csv,7023,2a5d4d97c88240b02fea96f5af3a33fe6d7057c4d8613a356abb1b11f7af302b
outputs/addressed_edge_landmark/repository_fe_sensitivity.csv,4632,e0fb87cbaf0d0af0a86b2b3060d38d3f4a1f6b1a697487f9bf71521ca4c4ffd1
outputs/addressed_edge_landmark/schema.json,7268,c6683192ad81ead486ad72bb7b0a8402e196f90da72171d0a20f4d2e4ee1eb60
outputs/addressed_edge_landmark/temporal_leakage_validation.json,2015,fecff5c9470b7abef05dd429ae36665ccb0a517b317fdec97e9c0726eb75c884
outputs/addressed_edge_scope/conditional_randomisation_inference.csv,545,9e78f45a02cdf151ae8000fc96c93a1cb3345b7e138cefd4656ba0ce33ca9708
outputs/addressed_edge_scope/exposure_definition_models.csv,1168,103fee38c095b20819200fd326071c38a87556cfd5941e1328d0eb5bc1f2689e
outputs/addressed_edge_scope/exposure_event_composition.csv,250,8fc17f7c9b805a9f2e077d3421af93ee9131a3b5d8a4a985baa443c2b30cc459
outputs/addressed_edge_scope/exposure_first_reply_composition.csv,247,a31eb7837ff68e66ea3060fe52d05fc0d7950c3cbd9948a4883c2d93537dd3d9
outputs/addressed_edge_scope/landmark_selection_funnel.csv,250,c4babe9e02d0e3e79651ef688398c0c64dab517ad226edd9c1f29410dc9001b3
outputs/addressed_edge_scope/summary.json,1462,83d6c5b8a450b93e5b85f6fadcd8bad21c2d053fb71af4fd8c2aa24e9f86635f
outputs/addressed_edge_sensitivity/e_values.csv,1771,e4e28070057cfb9a7fc218a588e5e7691143a4d864960b048b7e76936015b7cb
outputs/addressed_edge_sensitivity/negative_control_outcomes.csv,4132,6c40968bbf6d5a255b11f54185726c2542e83aac202d8ebe5b47edd353dd38af
outputs/addressed_edge_sensitivity/randomisation_inference.csv,1457,dfc011a071509fdfbb0198a5180cc79821cca96b71f96b41efe4f9f1bf48ef08
outputs/addressed_edge_sensitivity/summary.json,722,cf2dd9d65bbc7386ab7eda749b16b8f32f63a32fa4cad37e1e597cc7a4ded658
outputs/addressed_edge_sensitivity/unmeasured_confounder_frontier.csv,1134,5e400f2e5c69bbf584bb351f8bf2f5e66cd8fb7608d85e2602b7d63a5695010f
outputs/addressed_edge_sensitivity/unmeasured_confounder_grid.csv,19565,9889854b4514320c3e48624563ff949eef835f26998ed8401e477251b9e5b08e
outputs/addressed_edge_specificity/README.md,3686,fcb9dbde6cfc472b2b946348e58e2b30ba8dbb7225eaffe760797a168bf9e77f
outputs/addressed_edge_specificity/classified_landmark_cohort.parquet,87329,c576dcb66d598ab77ecc6d4852cd3c4ed0cb37554285a4ad53bbc80f0cd41717
outputs/addressed_edge_specificity/clustered_specificity_lpm.csv,3625,22050516510a68cdfcb2453b18dfb2e0de5164351eb86e6266628d9ee9ed4aec
outputs/addressed_edge_specificity/concentration_summary.csv,512,8f454d52155cf55b74ec49de30363d29cd7f1774035387255a8cb10151319a79
outputs/addressed_edge_specificity/denominators.csv,1213,37341ccab249e025625616339a9d98c8cb3813101957ac0ab37c488ade569ba6
outputs/addressed_edge_specificity/four_state_response_gradient.csv,2098,887cf01233b638fe1b529a406f2d68d16b3546ec99af7011f08f4ee9c8208fd7
outputs/addressed_edge_specificity/leave_one_product_pair_out.csv,8804,d06276723b5032fb8f27d3275e9c6519fd21bd035007418f56eaefb4a70e4cec
outputs/addressed_edge_specificity/leave_one_product_pair_out_summary.csv,225,36c0cf9e99245d8c8fd802e4c32b666316a588bafc0144a67c1cf50d694fa9e2
outputs/addressed_edge_specificity/manifest.json,2975,2e71187c26301079718703e3267f5fd3ce323a3920ee1ae1982c7d0b52ced4d2
outputs/addressed_edge_specificity/pretrigger_balance.csv,1024,f1904b97acddb2768f3355bfad27ee79d0b01d0f0b251a9227f4029874366e37
outputs/addressed_edge_specificity/propensity_overlap_sensitivity.csv,1249,26ee773194be865c1030ec8d1f252493340316f24ac13e40372c6c2c9faa8f9d
outputs/addressed_edge_specificity/propensity_score_diagnostics.csv,984,c4870a57a7ab2d34afc1bd6ddb9bbdc655737004efe972f8abdfcf96cd4c696b
outputs/addressed_edge_specificity/raw_discussion_event_audit.parquet,64474,5f02f980a49df6580b129ec3491ca6a18aad5265e1726e1042402a03e05d4b48
outputs/addressed_edge_specificity/repository_fe_sensitivity.csv,2056,35a50e9fc28aea548962089a9688b34cadee6de7f6870814ab62a20443bcf5a2
outputs/addressed_edge_specificity/response_source_counts.csv,137,3e539810e4d2ed2304c7f19fce302190a0b8abbda3e90f7013406ad9dc42b51a
outputs/addressed_edge_specificity/schema.json,1412,1bcf604e545400014d5c605f41d8bd8ea097fdcb28b3d6f567bb425e2a5a9de8
outputs/addressed_edge_specificity/temporal_leakage_validation.json,2307,244b630d8fd50546ae84f313e978f6751c7dd13c3becb4522f581969f2bc556e
outputs/anchorability_coverage/channel_interaction_volume.csv,1275,78a513ef97e9b137d93483c1a01c03bf1a754b21dc5871a5fa908d746bb56d81
outputs/anchorability_coverage/coarse_unanchored_proxy.csv,1223,cfa82e1e652dd64f73249f393a05d95f0af207bb71d5e8b54e9993afe4a594e1
outputs/anchorability_coverage/cohort_headline_comparison.csv,829,4c51dec9d66f27697d28c8aa387740f692da55334e4f0b4b125df8c37a095a24
outputs/anchorability_coverage/inline_root_reply_split.csv,551,748b1eda62a7346c40f1b6c6826b20ee3f8641ecaeb4dacc82d75b6151005346
outputs/anchorability_coverage/summary.json,22772,941e0537033425975f303984d2f5c2fd1522978b6ee87358f80e68a509128d23
outputs/anchorability_coverage/trigger_channel_composition.csv,871,ae04cda98c2c1aa51fa47c72a347da3d387d9bf1dec033ebff06169453f0dfcf
outputs/burst_threshold_selection/README.md,4544,5fec931f3dfaab58013e172ac3030415a2671959e0f4d9ef34507e08fcb2ace6
outputs/burst_threshold_selection/agreement_with_five_minutes.csv,572,8b2dee11f245786bfccf19ec9961fbe7eea0838bff5ba48a560adea7ec6770e8
outputs/burst_threshold_selection/gap_distribution_shape.csv,781,479de4b39a39d57b96e16f7c0cb06d8ea758c0ae2346dc438ac075be48cfc15c
outputs/burst_threshold_selection/gap_histogram.csv,41513,82f23f56cb9a34c62fc405adff4f1a65bed0b3c2640c9f56b59b00b8c3f72f3d
outputs/burst_threshold_selection/next_event_hazard.csv,38462,4db52a7c1fe3cfe822f47bfdbcb26150e40417da2f4a2a997f6e06d979737310
outputs/burst_threshold_selection/owner_split_sensitivity.csv,3488,0836064793a146dcfd52a58be1ab5fdfee7d5aaba059de4b06917efef30f73ff
outputs/burst_threshold_selection/owner_split_sensitivity_by_product.csv,17925,637bce38c189c730cf7856b1b791b26258ee58ceb2ee389fb62984a87c6bb315
outputs/burst_threshold_selection/selected_cuts.csv,2901,6dc037933ab276474e3b041e34da9e2f3a72a5bbf1109be374fa4b14c8564e8e
outputs/burst_threshold_selection/summary.json,17761,a9dcd8d71d271ac1cf8c3113467f04cec2419c503e01c6ca6bb7cdf2299710cb
outputs/burst_topology/PAPER_SAFE_MEMO.md,3793,5d69acc04d503e4f03895df806f0a18f39d10a9ea37ea98fb35cbd526d7f050b
outputs/burst_topology/README.md,2905,f2b567837dd95e2a09e68941db59ad3b413caaebdb41ef6fbe7230f57d0ab77c
outputs/burst_topology/burst_collapse_profile.csv,767,748c39274466759e71433d7d06dac811443fe8c4173fe0c2132adc04aaf8cb83
outputs/burst_topology/burst_collapsed_first_state.parquet,527205,8456fa4ada85daebdbaf8ccc1d7cc2f1a74c2a27e801cd5bb80effe845851ee2
outputs/burst_topology/burst_topology_summary.csv,4264,dc80583a8877b0ce29cfa494889c0454fc19c7fcc97da38c032c0e35326d13aa
outputs/burst_topology/data_quality_checks.csv,2228,13a42a7c9cca611158ed4a693d00d93ce699d6084edf2f1f54ab680b0245cdd1
outputs/burst_topology/leave_one_out_ranges.csv,7526,11ec3b124aa463429183f816ee100e7bbd6a91649dbcb8577478b9fe34a2bb15
outputs/burst_topology/leave_one_product_pair_out.csv,64997,2dcda9b4111f518b514f1725c8214a2dcfdca15f1e5751d0587844d847b448ad
outputs/burst_topology/leave_one_repository_out.csv,3116846,8b06f049c5edcdf8296bb824ad7de66bfba3932df50f5ee59a1ccfb54a57d19c
outputs/burst_topology/mapped_product_retention.csv,668,0db1330201337867812deed26f56c263cb000957087e3bb291aa310efe1fa6f2
outputs/burst_topology/ordering_robustness.csv,885,0d62d8fe31b30e134fb7ed480aa4dab090631989b1f908dd7ec21f999e4931f7
outputs/burst_topology/state_transition_from_zero.csv,7072,239f52d24c708b996d900f922df7aba93202f4ed9802c98c8395ad5e804309bd
outputs/burst_topology/summary.json,6454,6f1879227cdaf4aeb0ba2fd1f97edd6686d52344f99ceaee0b57ab7ce0bdf8a7
outputs/burst_topology/threshold_change_from_zero.csv,3282,ddfae858ba3b2c9183a0f2140ef2a9b548678fc0e2b40bfa64ebc526716d5845
outputs/burst_topology/tie_diagnostics.csv,212,97b2f62616b67fc5088d25eb7989b9e664715708adea90f26e4fae4f20bbeebf
outputs/citation_audit/citation_claims.csv,20128,7fb2994f49064b79969da1f02074297b4cda2ca3093a63b6d72e6e883ea5a48b
outputs/confounder_benchmarks/measured_factor_positions.csv,445,6a94d4b594ed17fc542e1d02c83a63a27576009fa1530d5041c1b4fed248410b
outputs/confounder_benchmarks/summary.json,630,15159b973f2e680ee5805e6d8287bd1919d1a4c45ca09a70280188d9d10830f3
outputs/constant_sensitivity/README.md,3122,144d31b8c91bebfdf55fa49ae4b1f73b3cf1a65e255e4e5bdb0e1658617581fc
outputs/constant_sensitivity/bootstrap_draws_band_shift.csv,3764,c3b79e0482d05f5ab9bcb751c01bae6b6ee84ee3e9b68e7e7808992ff698e2c3
outputs/constant_sensitivity/bootstrap_draws_band_width.csv,1873,fcc890a7dc1535c16b5dc2b5bff691b7b584b9bd9599acef1995aed0baef1486
outputs/constant_sensitivity/bootstrap_draws_conclusions.csv,905,e7e81221cb6d347a350e538b89b9ffb9c55155b84803e1d66e144a5513f7b2e4
outputs/constant_sensitivity/bootstrap_draws_summary.json,2930,89021323900a79914b2d40857bddc38e4c0de79d0cf0a3f3fa356bbb17724610
outputs/constant_sensitivity/horizon_sweep.csv,1419,414d04733205e7afee3cb06c86e6767e204bdc57dbbf340e0cd7bd3761ee1de7
outputs/constant_sensitivity/landmark_sweep.csv,1827,024911298902fd6b065edaf9986ce449d9da6d64d76fb15c9419da537a1b75f8
outputs/constant_sensitivity/merge_curves_draws_1000/cumulative_merge.csv,21084,f004c6f27d949cb87d9cbe5e25ff5da87ac4a45c5249600f3d07b1a6f9590238
outputs/constant_sensitivity/merge_curves_draws_1000/summary.json,2816,a64ab87fea08c68b6361c7f3ace13bccbebf3f867f2567aada4725ef4a082e2f
outputs/constant_sensitivity/merge_curves_draws_2000/cumulative_merge.csv,21121,15645f2fb46d6d15666c01035b865f320de603b63ee69ecf6fb54eed776fde24
outputs/constant_sensitivity/merge_curves_draws_2000/summary.json,2818,27d71582db9ce2b848cd4a154c18aead7a6d99152f53e70c8280b270e1ee41a4
outputs/constant_sensitivity/merge_curves_draws_400/cumulative_merge.csv,21116,2df95a263eed9cef747416131041c1d6bcbc95149dd13907fff395e91de5d86e
outputs/constant_sensitivity/merge_curves_draws_400/summary.json,2817,2ac6e92a422eba879b734b159016f284778f79b495e5270ac493a33b0da55df2
outputs/constant_sensitivity/merge_curves_draws_4000/cumulative_merge.csv,21140,1b5cda4a36111bc5984f250b122024dd9abc95a6d34468fa8bd91d8bdb4dbf1b
outputs/constant_sensitivity/merge_curves_draws_4000/summary.json,2817,4afd300aba21d19d186bb3b19aaa3ecf538af9d2fde195093d653101dd1fd4f5
outputs/constant_sensitivity/response_window_sweep.csv,1405,ad06609ec7865f01627584353803f0ab5c394baa3fc12db2c8f51b49789f9dfb
outputs/constant_sensitivity/summary.json,10231,38d60b3f8adf1c703aab3b255aeda52e30ac0d3e15f9b2e85cbed2d6f6f7fa6b
outputs/coordination_topology/exact_author_stratum_matched_pairs.parquet,125417,36b44473dac8bda4192ca0327a4dd73810b7bf411a14b6ad99da5d24fbc63002
outputs/coordination_topology/matched_visibility_contrasts.csv,2551,60fb7fe9cc21fe5ccee97a20350f5e982f2e464b2871f7ca261f7bfacb5f0933
outputs/coordination_topology/matched_visibility_quality.csv,338,d4948a9ef0fe35c2ed588cd83a233b2641451ad004fb73e9d86ff5030e65e434
outputs/coordination_topology/participation_funnel.csv,247,f2da9121c8889b08ee46ead5d095e6d4b97b1af8785530c601cce99599011157
outputs/coordination_topology/route_direct_contrasts.csv,1546,d08e5b78922bd84d5dcbd6991671150ad16257e08094d4b56bf151cf06f68ac6
outputs/coordination_topology/route_direct_contrasts_leave_one_out.csv,44165,674d8f3117d2dcc85be2a80e85b4dbee25a39567905f303716f060c1c7250df6
outputs/coordination_topology/route_pretrigger_features.parquet,147579,5190ee9e19d970bb210da6d1668c8e72953e93b79fd264b025ef94fe46bada0f
outputs/coordination_topology/route_speed_summary.csv,597,67a779936cb5ef2a84911840067fb3086fbd0b8f4ddf3d1aac5fbc09c1b5f111
outputs/coordination_topology/summary.json,1209,2487be81ffc27267f8c816b2f3530b660b6502cc70ba45721bc2106bb5f20c13
outputs/coordination_topology/thread_continuity_summary.csv,168,ee32b5b8929b71768339217fc4612a090db1c84825f6bdaa0eb0a09e15455423
outputs/cross_agent_review/coverage.csv,171,bf98f28e0e5d7d0ebaa6dbea5cafcdf88eafcddf1e9585d09e8863bb7ff83719
outputs/cross_agent_review/cross_agent_matrix.csv,1210,cc0fc6fb24b083b2f512346849004311652610b26d493e02805bf0d48be3379c
outputs/cross_agent_review/cross_feedback_response_chains.parquet,390570,080ee460b12bb0286238cbc60fd4536777c95b9e7dfd7f0d3c997626a1a9954d
outputs/cross_agent_review/cross_feedback_response_events.parquet,817389,f7aae131f9984939b5c9cb0bbe66aa1fd0ef93b028abf2f5ce60c54cc5e7101d
outputs/cross_agent_review/exact_stratum_matched_pairs.parquet,141844,5646c05682f369b8bb80ec20a43f1f9ed7988c40acfb3a7529223b959ef3aea9
outputs/cross_agent_review/feedback_48h_landmark_cohort.parquet,101973,caa8c5a7b7375a0ab01a789d7a6333ecd342904c70cfdc32a8598f4ef70fe721
outputs/cross_agent_review/feedback_48h_landmark_models.csv,1399,b7cea9eba5f37a65d7f6829532beaa392bc7219d96a386749a99fe3391613b78
outputs/cross_agent_review/feedback_48h_landmark_summary.csv,251,5c045151311ef198c561bf9dfbef15c39fbbdd4efa59abf79ec50e05b1a274f6
outputs/cross_agent_review/feedback_forms.csv,453,ca374a7453b0a16a0dac6470006f0acd894f192480fc81fb0054e842614d21c2
outputs/cross_agent_review/first_agent_feedback_cohort.parquet,2817206,c903e901a2843e79c270fcf0be1f5976516f9edf51297970b897f78bcc628e51
outputs/cross_agent_review/first_cross_feedback_timing.csv,117,2af2f066b2dd45869a024d67b6b697fd64eea42a6164b5f6a7858740eabf1861
outputs/cross_agent_review/landmark_descriptive.csv,102,897c0a49c96e9ea48449fd4061144c98b08fa84af39c398bdfb983d2cb3ec7de
outputs/cross_agent_review/matched_relation_summary.csv,573,684a50119f604879e2f5f6a7b9e3f791824abe105bc8a332dc29edbe38c752bd
outputs/cross_agent_review/pair_response_rates.csv,6219,7d77d617c523d9121dfb4e37f45b135967c29e17087346147279c4e7ef3587fb
outputs/cross_agent_review/relation_comparison.csv,719,f18726a5ee84631b5cdf03c3c62d55eacfa07cedec4914ed09bd7d5259e22f1b
outputs/cross_agent_review/response_actor_roles.csv,1409,91674736b085ef98da30e21f48458c590ab9a047451a8a01c8b09117323568e9
outputs/cross_agent_review/response_chain_summary.csv,287,7d9aa9d6685013e7899ad9d35e7fe21e7ef25a9a2898ea22a13a4ef6f3aea8d2
outputs/cross_agent_review/summary.json,1208,479cd8568a8e4cc84ccda8027ab96a85c6f266ddd9bb14acd4a2a8b0298bee1a
outputs/deep_coordination/README.md,3921,0aec8067af11a257b7944dc391e76d7b2e4a512deb0655ac0ac9cbb76909a1bf
outputs/deep_coordination/automation_episode_transition_summary.csv,6088,0ed0e5a9678827dc28b9e45e44565e72005e972f83bf1593429438e6933ca740
outputs/deep_coordination/automation_episode_transitions.parquet,110222,a91415db42fe9310030d71cea91e86d8cfb3d20505e683901ea3930603b75866
outputs/deep_coordination/automation_leave_one_out.csv,301242,ac30798388908f5e239a2ab323cba460b0eb41009fd327cbccbaef69414ccdf3
outputs/deep_coordination/automation_leave_one_out_ranges.csv,3841,21b6e2f2142197a8acb5b40fa33332f69fe6cb129c4add6e2e01d3f9d997fbc3
outputs/deep_coordination/automation_order_permutation_placebo.csv,2282,d197e8e60ee2c0924f3a729180b760a5d105fe0dfaaa7a9bb825a574b78de156
outputs/deep_coordination/concentration_summary.csv,294,b5875a440cbc0a7a1426e81efd1523b9d897df9e8cf1eb9f0f305f9f12426cff
outputs/deep_coordination/data_quality_checks.csv,1431,cde42df505d352b1beb2b42c82d3055e29840c357933d6ee50c9950167366108
outputs/deep_coordination/episode_sessionization_summary.csv,328,c136aa8a4738e171989a83ddf4e3c318540f4acfa12b1e950e0f83a87bd18488
outputs/deep_coordination/mapped_first_next_owner.parquet,47651,a5406c59ab47b0243f493c2f1a42eb2221f8a11d27de5bfb82ffddd8c393142d
outputs/deep_coordination/mapped_first_next_owner_summary.csv,2569,09cc5cc5682c54ec7c4cbbc33e2be6aca8edc74d9d6c9a38e8eeb55226a0dfa5
outputs/deep_coordination/mapped_product_order_placebo_detail.parquet,22892,056406d81a18aca05b635a104cacc6945b53b13d07984f4c3eab067e860fb19a
outputs/deep_coordination/mapped_product_order_placebo_summary.csv,701,1401e0cb8f326bdefc4019b98547731c1c7c5b70b1b5a8404d8628634213ccba
outputs/deep_coordination/next_owner_leave_one_out.csv,143355,3efe28425dc7b6b20837e83d33f5097e62b6084a0b31d5d2c5384dd26f51b058
outputs/deep_coordination/next_owner_leave_one_out_ranges.csv,1516,f84e4872b63802370853b5420368ab33297fed6e6a9e6cd48516768a6e42dc08
outputs/deep_coordination/product_placebo_leave_one_out.csv,11028,2fa09985cf62574f7ccdb9e342149b499e183822bbc2ea85d99792dfda1e8323
outputs/deep_coordination/product_placebo_leave_one_out_ranges.csv,344,daaaed7035c18375a8204af5790269d952d674f52fbad8d76ac277ab85a256ca
outputs/deep_coordination/summary.json,3368,d3bd63cda472187791db128ba68c201d62063d04e76d6428a698f95d90b03e29
outputs/external_validation/actionability_transfer_probe/README.md,656,b275b1f766ded16092e3029fdd5b52fbb3f297754415bb8070f101e4f5c27f4d
outputs/external_validation/actionability_transfer_probe/leave_one_source_out.csv,703,dfff70dd577058074384509e040c15e2db0315af32df4179c147ac88948b91f6
outputs/external_validation/actionability_transfer_probe/manifest.json,669,bc84eacdee796eee9aad52151a89368dbd73667fda4fd426d96a214dedf7ef07
outputs/external_validation/codage_attribution_sensitivity/README.md,1118,654fe3da40e421962d8752ed9c3d9e1d0d7b7fbafc7d4d662abf2964bbef24c4
outputs/external_validation/codage_attribution_sensitivity/attribution_coverage.csv,374,e96787acee5ec29d3f03330d35648725dd0b2fe298437af5208a500ce7573dcd
outputs/external_validation/codage_attribution_sensitivity/later_merge_sensitivity.csv,885,84a08947a392ca58fdc928556a2f902c289c1b891cc89bb85b6813dea2e4b537
outputs/external_validation/codage_attribution_sensitivity/manifest.json,1252,42f1e9316dd84ece90ea4b5999db231439dd7e83d1bae933ae144bab12d285a5
outputs/external_validation/codage_attribution_sensitivity/overlap_cohort.parquet,18592,0fb33b0b2bd9b22226b466e033405bf0ce0d62a26a791156ecd973caf21faa1c
outputs/external_validation/codage_attribution_sensitivity/temporal_concordance.csv,301,3a55ed2ea68d2fbb5093a9f7a5e0c37ef865822c3251f5bde6811b8f3242720e
outputs/external_validation/swe_review_chat_exact_edge_pilot/README.md,1538,ae7f37092a357d2b3d5c3cf807671788f72720e850b6c8aaa059fb5364846f9d
outputs/feedback_response_audit/coder_A_blinded.csv,935632,077060a3b761554086eb84eaad57c9e21e14bb3c4be9b8fa81a75c11519fb48d
outputs/feedback_response_audit/coder_B_blinded.csv,935632,077060a3b761554086eb84eaad57c9e21e14bb3c4be9b8fa81a75c11519fb48d
outputs/feedback_response_audit/manifest.json,1685,27ac837a71e7d5a19bb45204d04d6f4471b0c46b01e8ca467f51daa8273700cc
outputs/feedback_routing/exact_stratum_feature_matches.csv,3760,1f6da332cae614e2041e39deb1b4844b70388776c3d3141515d79c46d7fb9811
outputs/feedback_routing/feature_rates.csv,1924,f1d62b14b8045b262a9c95d92927aa5704aed398a48975d27dc89e8bfe43d1e0
outputs/feedback_routing/feedback_routing_features.parquet,431172,606a95ef3e168b31b7c950d1b6907c7fc5193407a423117912cb5687e8bc7fc4
outputs/feedback_routing/manifest.json,436,1cecf166b91862d86fa6e9a85e682e707d44c8b0e649c6267b0285f9b63bca36
outputs/feedback_routing/model_coefficients.csv,6715,936b4268d8422495aa33ad86c90328b4ac6911d15277588835c22ce06cb430c8
outputs/feedback_routing/model_metrics.csv,1258,c20f01bcf53e4fc17271c2c687e67355834858c53ba4330122d49c85a713b4f3
outputs/figures/anchorable_channel_coverage.pdf,23811,45c2f3c45a07e9d22393cb31b450d2c60037af3d1ffad41eb256c6649ff3aa94
outputs/figures/anchorable_channel_coverage.png,204627,eb4c6385d05f63d2581634dff4708fccbf6b676fe6d832ac1b3a18ca8389edbe
outputs/figures/boundary_memory_story.pdf,31800,f10bf00decafe9b48447431bea21b0efa9c9f7709f2f41228c02d9589a66eeb0
outputs/figures/boundary_memory_story.png,271383,42d37b8884922adac1f1315b12467e8271349ead3aee6a030bdb7151fac9b3d9
outputs/figures/burst_threshold_sensitivity.pdf,31583,8ea9f703477b4b8ad5a1d544b99e759b28b27eb20fb11cce31e51d0197af2b49
outputs/figures/burst_threshold_sensitivity.png,294494,500c01f89efbb2809b29b90fcf02a89a5390c97335ff6ab3df0376690e661ed5
outputs/figures/contributor_aware_transition_taxonomy.pdf,33829,17f9f76db4a03d5cd7f7a28e98e14f725ee6f69105d32e02425d5d05c4d920a2
outputs/figures/contributor_aware_transition_taxonomy.png,206203,0d93e464cf0d7f6d3bdae86ffbfa0e65a1d07a1d0401bd95f2e6c6ef60b8c4ae
outputs/figures/core_reconfiguration_story.pdf,34908,4322fcb0c41282b2259ea66beecb854640b9e7726530ca2b4db46e7c93c132db
outputs/figures/core_reconfiguration_story.png,161830,57ebb3ef87c2d694bcd05019e7e068b7a6523d02d00d6603fdffa2669a98e8c7
outputs/figures/cross_feedback_response_story.pdf,32528,421675a222da476c8755d9efe7fb4c0f5b2bb0ea5b1e84672e5f004ab2c1ad81
outputs/figures/cross_feedback_response_story.png,188728,caabf4ad2bdb22d82511767055dd5a791965f8f9d5dedf133c9b9e8fff29ef86
outputs/figures/dataset_feature_coverage.pdf,42476,46a74e3ad77b19a7d6db1cd6a4e5144d22a9b6255e8a16c581171174b9d5bd41
outputs/figures/dataset_feature_coverage.png,196458,09361317ef51cb85b0d05658dc4598cf3c3873e7e16dc21bb6f50c5fab651168
outputs/figures/dataset_map_and_coverage.pdf,56259,2c91ba8b6b634d73941abcfa129a73b784cec342294edc3a99451024d6d1938b
outputs/figures/dataset_map_and_coverage.png,430571,f2071ce70f31a8c562407b78acc7c424d177fcf3ba52a1d6910a7a812c0432db
outputs/figures/dataset_schema_and_joins.pdf,30371,6a9459a5f2353dbf3bb6a9c8ed846b09a6e64a0949020f03aa3e7e00d9af97fc
outputs/figures/dataset_schema_and_joins.png,210748,2ced87c19b940c7a92edbfe4986e5e92a379cd20cb9a9775da7ad4d88be39c06
outputs/figures/direct_continuation_funnel.pdf,36698,b226f910cfc97c302222a9c99634db4ffb1444cf59a0f2f244bb1c4e9302eea6
outputs/figures/direct_continuation_funnel.png,200785,8ba41910978bd94367249724fabcb46625d970cd011adc7cdd584622532e6aac
outputs/figures/direct_handoff_story.pdf,31834,43d7872a533cb5d26ca1fc134b7b62926aceaeae503cc23e220cf35e1ab7aef6
outputs/figures/direct_handoff_story.png,252983,f43b533bf503fd73b335efb976d7dfd39ebd4b55127094872daf635a668fc322
outputs/figures/e1_streak_adaptation.pdf,25293,ccf307cad822feb69c3218d21f393f580769c7d8e504c4957e7e44eff0a1bac0
outputs/figures/e1_streak_adaptation.png,115106,2e55e3baa75c95f6be238557c57ddb88e72ec0844d3ccd2e645406fc66a9e2ca
outputs/figures/feedback_loop_48h_landmark.pdf,26714,0cd0f9349d76b9b3186aa4a4814c9c5a713ed45fc878d8838280c9dc32ad46ef
outputs/figures/feedback_loop_48h_landmark.png,146333,76d9109c7b5350dad805156da86d1ff702c7aa18abcea5fd0bbd6b61e4b170a7
outputs/figures/feedback_loop_adjusted_landmark.pdf,26527,78738967d4e44ea5ba2be9bf7c060eb5103ed4d59c082a46b438e62aec4d51a9
outputs/figures/feedback_loop_adjusted_landmark.png,138366,62de3c5c82fdb9f1e839740064ddef51120854268c97c24db733c215a18bf45e
outputs/figures/feedback_response_ownership_story.pdf,36016,9e633316f79a27adb4f31e0c5d7d0cd965c8532f1e2b78f5dfcec3b7eeaeac4f
outputs/figures/feedback_response_ownership_story.png,240691,225acb737227959834c184c5f185ae20bfe1afc9c5fa3d6b42abbf2df89f33e1
outputs/figures/hybrid_relay_story.pdf,33385,670faf33fd819bcee108b7263c44401009188fdd4c8729729ab04bdc8822c4db
outputs/figures/hybrid_relay_story.png,235615,1c55d476c4557fa60f16f5d1d9ab663e5ac1c4694075a4f29b2ef94fa7f25f90
outputs/figures/matched_adoption_history_sensitivity.pdf,25331,96678230194dc19a9eb4c3d7edb1cc19efe811a788c0bbea29bc4dcd39444f70
outputs/figures/matched_adoption_history_sensitivity.png,159609,b070be01b183deaace2f6f1d7d8d0234a4039332be9553753c7eee4078d95e47
outputs/figures/participation_burst_story.pdf,36394,cc4af4d874ee9854a660554e354d9cbbbe487bcd1bf56d253e0a5f8674ec6eb3
outputs/figures/participation_burst_story.png,316476,5d1ea2e13adb51ef69ce3433bd188812b9db1860e7858a259ddd80b1eba0f578
outputs/figures/participation_visibility_story.pdf,36183,0ca2fa0e7fcb0aa589f546d230c1a3278eb3cac7e69fa199c38a28b842d5628e
outputs/figures/participation_visibility_story.png,278979,1de915ad9c96c17973938cd243f09acf7a750c647cf3674004973831879752d9
outputs/figures/rq1_event_study.pdf,27536,30b2951571336d74649e7f47a3e238ec89b7331b937e46eb11f3c4aa6dbaa0d3
outputs/figures/rq1_event_study.png,152482,7ff44718f28f154adcb0ff936a383dc86c55cae445bdad6bcc16c195fe53dc46
outputs/figures/rq1_transition_matrix.pdf,28017,96b1d9ddf2aadcdd2019ad2973a0b4b7d3725691c40c785edeb91d515108a303
outputs/figures/rq1_transition_matrix.png,168792,5506effb895083c54a02cd1a8749e5e75d1c2d682f524c45008ffe5c65a1d76d
outputs/figures/rq2_adjusted_switching_contrasts.pdf,24876,e113697a83d9782d1a81de8a1eeab111b7f0facd93907cb0f01db6935c26645a
outputs/figures/rq2_adjusted_switching_contrasts.png,78357,20f9cf8de70c9b6f969dbe897f8e4c18196b678b2efc5a996cd971c4829262a2
outputs/figures/rq2_reputation_spillover.pdf,26377,730ad7676a3fd75702826cfaffeb3308fc798a5dd0e3ab83fc31302fef5acb04
outputs/figures/rq2_reputation_spillover.png,98562,35bfe526c8c8a37cadc60c5989daf023d656ec0c9de9bb7e4c6c0f22b62bd931
outputs/figures/rq2_switching_response.pdf,26089,87ccb11c4b5712cecb30bb61f7e788cc589c3e5fd6b71f90f2ed58097b379f7f
outputs/figures/rq2_switching_response.png,81740,d1049a9bac05618fa62ae0adb9cc1f2119c99219773613b10be2789687cbbf4b
outputs/figures/rq3_recovery_crossover.pdf,26764,c05b7d2ca2ab099327469781d57e7b43a33b915f2c85c2325734f6197d961741
outputs/figures/rq3_recovery_crossover.png,92127,b4fe1989f122c259da4b15d9b1d10c601ae1cf4d2498c1466467e05688daff71
outputs/figures/rq3_switching_heterogeneity.pdf,26380,eb1e9a2361b456fffccb3ab2117b1e0c1379df98f55c5f393f74541005dcf432
outputs/figures/rq3_switching_heterogeneity.png,86590,d4b4d131f54cafce9f00187b74eccbba4997fa5692e977ff0725a744310ba9d7
outputs/figures/rq3_within_repo_model.pdf,23899,9a0b27955c3b6e4725e718880ac0fd08fddf8c9721fe38815dbe95f2f95a0146
outputs/figures/rq3_within_repo_model.png,94197,0a220f953f47ed259b0bcb301c0bad6e77b5211a7d242348d96ead741e687810
outputs/heterogeneity_audit/matched_pair_by_product_pair.csv,1370,90128e4afc6956239e9ea815b9ee02c66d59a36b3c5abb8123d0b8ef23242c89
outputs/heterogeneity_audit/matched_pair_composition.csv,12836,85793431ad5eacde06cb579ecb312139af8a0408016206cd4598be9e9accec80
outputs/heterogeneity_audit/matched_pair_leave_one_out.csv,13508,bdb9da2c434c0bcdfefe0ce199dd515ef7e8f5e11875fd6b61911b633595adcb
outputs/heterogeneity_audit/moderator_group_contrasts.csv,853,2f5fbb3bd174400d1d9b9df33a251064957f12595546121eeb26fe5a2fc6864d
outputs/heterogeneity_audit/repository_moderators.csv,63633,fbf8b417850fb053bf16977f202155b071be875f508294d9a8338c0b9fbcd86e
outputs/heterogeneity_audit/rq3_moderator_models.csv,960,de2995c11c5313bae2830d426fc2d6b4d835f2964b09a0be1991b4839c7c0e5b
outputs/heterogeneity_audit/summary.json,13496,25f7ee05c97bd126739807f37d052da0d1775e7ebd9a1f77be9c2ef6c202660e
outputs/human_audit/coder_A_blinded.csv,825400,797cbaa218f473b0c04adcecb780b5728a8677718729cf6903142cd7c4736fd7
outputs/human_audit/coder_B_blinded.csv,825400,75128a7b8546042b496dffec69ebe10132253e5f6adfe678c6dd712bc811c605
outputs/human_audit/sampling_design.csv,787,09783672dcb3bf8842216161fd8df2360ad1ea8bd38c64d7a47fce9539bca9a6
outputs/human_memory_bridge/distinct_48h_user_responders.parquet,232291,4bf20cb2b7f82f78582a06967bd50490ff31c96fef77d23cbef59ce234676c78
outputs/human_memory_bridge/first_decisive_reviewer_role_summary.csv,357,feaf39b2efcd7f1ea977d3728942243b468233ff7c3068680d495e845c85dcea
outputs/human_memory_bridge/first_human_mediators.parquet,181900,29514ea4c21fa9bac8dd8a4a4991d2f4886bce63c0ba60951ada5a1077c645a9
outputs/human_memory_bridge/first_mediator_channel_summary.csv,432,73393e1566febf41bf30f75f96f18fde16f3b7289a2d803fd8b249bda6019e01
outputs/human_memory_bridge/first_mediator_role_summary.csv,394,ba6217edd603ad6b0309236d60531121629f3cbafd3fc43e019ced6d3f6aff08
outputs/human_memory_bridge/first_user_decisive_reviewers.parquet,133617,aca3a4aab630fefd29634a936ca757d5553af59c46fefdcdd17860edd8c68cde
outputs/human_memory_bridge/history_depth_summary.csv,473,3d55fdafa0bb8984c5aad1459e97c6321d46bd4fcdc36139be8073c20b6e9ce9
outputs/human_memory_bridge/landmark_later_merge_descriptive.csv,605,3ddfc98ec9ea0f9487c264b5b8f46783e0aaf48b664f2d3956fb6195b204bd1d
outputs/human_memory_bridge/leave_one_product_pair_out.csv,1210,c4ec8995f6758981041410e23f5bf2bc6069d0834933e3053bfdce4103537670
outputs/human_memory_bridge/leave_one_repo_out.csv,28603,e8657962402da19d2be35e673ab46bee44d0a6d5fe01949f58e8a883bc035b95
outputs/human_memory_bridge/leave_one_repo_out_summary.csv,158,aa108f107461e89a143020b162c4fa3580fdc8cca8a39b159205b6b8f735ee48
outputs/human_memory_bridge/observable_population_baselines.csv,454,f5d5a579bd598cb6e965bf3447a23d9b576f202589652062e73e058eaa6c563d
outputs/human_memory_bridge/product_pair_concentration.csv,324,3f08cfa6b81bfd894723db57de0f1012cc181b57dc582edd265e17821637e20c
outputs/human_memory_bridge/repo_clustered_history_models.csv,815,c282a83396f7561267ff868ecfd291f8bb0fa3e5c0a5f95960082a9925e19432
outputs/human_memory_bridge/repo_concentration.csv,172,89719708d0ab9cfc1898bfd8cb87b60140b6765154a5e166da5645f31b804f76
outputs/human_memory_bridge/responder_position_summary.csv,440,58a06e487c6980f48ae45109dd6563f9cf0cea8875360a1d89402eff19a14955
outputs/human_memory_bridge/validation.json,1379,c6655bce0f543c5e6a3cbd4a4b67582dec3c70e6806131fea7f182a420c0eabd
outputs/manual_audit/direct_handoff_manual_audit.csv,45812,cc1a13bebf20b2a28f3ccd7543a58029b0bca3a31fd2454e1942d5d8219dea67
outputs/matched_thread_position/matched_pair_thread_positions.parquet,18404,2585db3249ddeab70bc8a8bcacf13f18f1fc8a12860c0668d9eeab61d51cadb0
outputs/matched_thread_position/outcome_anchor_dependence.csv,1451,74adbe5b1040788eb2478d83978c40dfdfeaf1607667ec0d8d8ec987c1c73831
outputs/matched_thread_position/pair_position_grid.csv,326,1e4d63b1346c5d2178f3b3c8c8e1a9590a256e78526861156cde0c6e4aa07c8b
outputs/matched_thread_position/restricted_visibility_contrasts.csv,4199,80e0de4868163c3b7a1d25dd76f319cb072bb252fce7cab98011f350899d42f4
outputs/matched_thread_position/summary.json,2538,f22dcab45e1b0a4046178b05114224211374ede8b22d8eb871cfa78699137e8e
outputs/matched_thread_position/trigger_position_by_arm.csv,713,d88597c68ca474dfccdfb4ff85c69822c292b6f632a1ecdb851c4d61edf3c125
outputs/merge_curves/cumulative_merge.csv,21121,15645f2fb46d6d15666c01035b865f320de603b63ee69ecf6fb54eed776fde24
outputs/merge_curves/summary.json,2818,27d71582db9ce2b848cd4a154c18aead7a6d99152f53e70c8280b270e1ee41a4
outputs/novelty_collision_extension/descriptive_summary.json,2584,579fc7274dcf3aa152242d0fa3a238004b66ca78636bfb3385b4f37d006499f5
outputs/novelty_collision_extension/leave_one_product_pair_timing.csv,602,4625d2d3ee4bda58878eee7cb2ea9348995153ca1a921d2b0cd4d2f0f44380c5
outputs/novelty_collision_extension/manifest.json,531,fb1b981dcda132437b8afd815c665822c6c46da8bea08abc6c58182055e8e232
outputs/novelty_collision_extension/product_pair_support_and_timing.csv,660,07f2ed1d00992d7987ccb9cc66600805dad4fb767f6451eb857679cb8adb940a
outputs/novelty_collision_extension/timing_distribution.csv,169,ae2fca3d4746440f98891f72e2954e2f4c444f8defe8141284717e8183b327fb
outputs/ownership_persistence/README.md,8748,e541502b5577a7c6a22b9c4bb756c082c2209efc6e0b399bab32aa84491a34a3
outputs/ownership_persistence/concentration.csv,689,54b80af515a12f611e162b9a54791031e6fba61892e982c57b6133f86cb30534
outputs/ownership_persistence/conditional_visible_action_contrasts.csv,489,f4903cfcd39ac54c745136702e410b00714f57648121aa0374265a32aa168868
outputs/ownership_persistence/conditional_visible_action_leave_one_product_pair_out.csv,27830,e128969150821e876a262fac62999e4916e0e9bcf66313f92e36cffd66da09b1
outputs/ownership_persistence/conditional_visible_action_leave_one_product_pair_out_summary.csv,1190,7688ea87ac1bb061ccadefba57157790dd8ab6c3cf5e271a552687ce1f3616f7
outputs/ownership_persistence/conditional_visible_action_metrics.csv,714,cf92cc88f282dcf3a55ac5563e0a297aee22750725dcddd2074250bad6e0126b
outputs/ownership_persistence/data_quality_checks.csv,1532,88dda2a9d63dadde9e5d4ca48a23c4f9897aa2b7471a921b4fa8eb77a5cfe7fe
outputs/ownership_persistence/key_metrics.csv,915,6c72e50d1fb154fc24efbf8ff89568ad55ae23f2e42b3436a536b39d5eb7ffc2
outputs/ownership_persistence/leave_one_product_pair_out.csv,36807,7ff2a9b1dcd56068ad4abd3f03b89d0e8fac42c8b36901ee29ca0fed88aa229b
outputs/ownership_persistence/leave_one_product_pair_out_summary.csv,1551,51cfd66711082ec492da367bbe6025584f390ed50601065fb5d3b2bec39032a7
outputs/ownership_persistence/mapped_product_return_roles.csv,471,5822246053ae0dee89c0bf6b986c0d804ff17beee317c8fcab23aa1cd773471d
outputs/ownership_persistence/no_next_observation_breakdown.csv,522,76c9587f09caf4defd88a8f3ac774eb6e09322a1358232142cad4cc76d41d1bb
outputs/ownership_persistence/postburst_ownership_sequences.parquet,440167,89cf999dbcd1808b589631fe079c931ae6387d9be94e7ee910702b54f4105794
outputs/ownership_persistence/primary_ownership_persistence.parquet,227915,c8df2ff6e5390750fcbbf025bc03e020033348f7b001d18f6be290d1de37c43d
outputs/ownership_persistence/start_group_contrasts.csv,606,02d9e3422427ba3153abc12a4625aa683e9b49a03dd18477704527a6436109f6
outputs/ownership_persistence/summary.json,2198,cdebdacbbb0a48b8e0641b818e4d6a6db96feff418537cf45666921d7513396b
outputs/ownership_persistence/transition_summary.csv,2059,eed5a4baae19c32edab32a1c871e56fff1f3c80dd3d4f83604c2576f5b2a1be4
outputs/pseudo_edge_control/README.md,3412,e520a3d784a69457e6152a1e97f9c38744718b5a7b54e60e8e33a662193e9ab8
outputs/pseudo_edge_control/contrasts.csv,1341,98781a73f459ecdde2c1400110356e60e367f3378414520c73f80e9ed142886c
outputs/pseudo_edge_control/joint_on_vs_off_target.csv,453,a47500e22afa5d4a2fcc68e4cd1b96132fd9759e7c3bfde942a6305a8434554d
outputs/pseudo_edge_control/observed_exposure_models.csv,856,71fa83a0af8a559d93619a88df919f45e84af9a05fc996e2c10e2d44199e0709
outputs/pseudo_edge_control/permutation_null.csv,964007,24e408a4a8f00267d4bc06d5fe3e807a7eee89dd720d572e7954f70e0d75eb31
outputs/pseudo_edge_control/permutation_null_summary.csv,2146,fc5418de85ee08e38d9d158a265f19872336523f0d6215002f4190ec391f1f7d
outputs/pseudo_edge_control/summary.json,11502,7bc6744fc05f9f8d01fd306d615ea42a1e53967dbed433be65177206d410b44b
outputs/response_ownership/first_channel_summary.csv,402,0b5b23fe5f8e62c18d81cdf99e1f7fa3766c90960b2aabf073f528edef73ef38
outputs/response_ownership/first_owner_summary.csv,679,149ddf89e83e15f3e9bd70e27cc7ad42029c50b790a4dcac2a187a1caf95b038
outputs/response_ownership/first_response_ownership.parquet,148524,2b797dfaf0de8c5d0af1aba8feb3250a62f84bd0ba19a8d601b8bc2d4498db3a
outputs/response_ownership/ownership_descriptive_leave_one_out.csv,181553,824c7a8549bc81cd2a51cb9b0ef6d5d2b16bae3ef99fdcca3d8c3d6adea44676
outputs/response_ownership/ownership_descriptive_leave_one_out_summary.csv,1117,414902b0a8059863c34b8d6d4adc48144fe7c84b2709347b7d6feba42e3aa8dd
outputs/response_ownership/ownership_route_48h.parquet,119376,b5ed3687d823a5ccf417e02673d2d2f480ba1d12d387043160f74a1d187e91e3
outputs/response_ownership/ownership_route_48h_summary.csv,373,d94e7da1774dc3733977010682536d6c8a35725ad6afe59f09eb36ed5aa582b4
outputs/response_ownership/ownership_route_clustered_model.csv,839,7d945cba2c8ddcae4ec3ad3208a4150840ec0fbf37e3e4a3a8cda3cf8c19c5b7
outputs/response_ownership/ownership_route_leave_one_out.csv,212683,d02ce527fa8f50a74e7308f9098b81087181e64c5300633c8765024188f4eb12
outputs/response_ownership/ownership_route_leave_one_out_summary.csv,1089,424767021f6d032a618fc66642ae7686eafbbfb2f61dfc8923a5accf366152d6
outputs/review_collision/audit_packets/coder_A_blinded.csv,724319,763bb5593a86f74a71039d23ff09df3bd33ffbbf751a2c67342cae5efc906014
outputs/review_collision/audit_packets/coder_B_blinded.csv,724319,951ab6d7cb7c296a32a7ddd1690fe50b4ad15bfb58a306fe6bdb02e73d6cc637
outputs/review_collision/manifest.json,1727,cc97f69faa968a834f48e2db1b13e374bbf22dbad57ac99a6e79ad4ac5d9a5af
outputs/review_collision/product_pair_concentration.csv,388,3ec85304ec054ae8a5f5e9c2c4cf7a85d3aa40ca1df9ef7b95854f216f8f8b87
outputs/review_collision/quality_and_sampling_summary.json,4129,f9aebad89aa82079910c6d300ea0bae4730a6eaa667526149aabed980f21d93f
outputs/review_collision/repo_concentration.csv,3368,8825f9fec972161e78cd467d750ef07e9824b476518202d3c309b88014a132f2
outputs/review_request_context/last_pretrigger_review_request.parquet,146348,bc6ce219499048bf66fdd2cdb75238b94d9393412565ed7f69be5b2478be61a8
outputs/review_request_context/last_requester_by_trigger_source.csv,441,7566ce4744bffe1750862c3d1a5da545822a72cdbdd7e0cff25bc3cced66270d
outputs/review_request_context/last_requester_role_summary.csv,210,0a9022f3fe0f2feb5ac5a8a69c481ddd95ff8913264e53472057fa34df01ea31
outputs/review_request_context/pretrigger_request_event_roles.csv,161,94251bad0b0560c3db501793a2b91ded9a8d7ea77347be6682563b3ec127293a
outputs/review_request_context/validation.json,768,d05a488cbed2c5b4e5a2a7312799d115a8f44ba47d3843830a48d9571856ba3d
outputs/rq3_extensions/edge_class_contrasts.csv,1203,05527c8d3c39d19d40aedbed53f6a48ddb36d4de9ef0d0ab1208d3ceda48d4cc
outputs/rq3_extensions/hazard_profile_by_bin.csv,939,e475f6d04bf83b3d65d5d75dec264a2565a2ddd44bfb2c165bc5190fe73b71a2
outputs/rq3_extensions/history_moderation_robustness.csv,477,f5f7eeff178b7b8f6f423fa0d1ae69c7e84045ec2047ecc3a3b0abcc59bbd1bf
outputs/rq3_extensions/history_moderation_test.csv,431,6fd5c05e07eefee1f127592735e3d668735f554484e313110adbd396548fc0e9
outputs/rq3_extensions/summary.json,2396,da6b64cf9294ca53fcd33147061fca443e315552b87afea51682116cfeee2e2b
outputs/rq3_extensions/whole_population_hazard.csv,1474,fc9c977c445d5a950f7a9231e1e23c679c920764845e7e6eaab73bda762376e8
outputs/rq3_landmark_selection/README.md,4406,493925d394bbdb8efd2e712c16932feb4877b731d89d0b438f76bc3f4bc2b130
outputs/rq3_landmark_selection/selection_ordered_landmarks.csv,2525,162cfcf035465df724607fcf08883ef4d2bffcbac99ff2d9f5056a5415e54837
outputs/rq3_landmark_selection/selection_raw_contingency.csv,1439,453ec650db63b70f47685b4fe149531585a3e41d826580b132b2d1eb7e000b59
outputs/rq3_landmark_selection/sequential_landmark_estimates.csv,13520,cfbfe8ac5f4e589bba3759e4c8c55b5fa93846ea62179ad80ed3d7d6e965563c
outputs/rq3_landmark_selection/standardised_risk_difference.csv,545,4a529946c6b4c60aa7abdd23c5e84300a4913b9daf6bbb488eb22ef7e6e33f20
outputs/rq3_landmark_selection/summary.json,9366,6c1f11881dd4ef811e018d5972594bd2262eec16cd11aecb83a24d2bf0776be0
outputs/rq3_landmark_selection/whole_population_hazards.csv,2031,38324733d709b8545606b4012c8a806997ae7541ced639225b26b5f128395cef
outputs/rq4_run.log,2023,24f7c2166c0475668b9880be54b9116d9e29917cb0ca7b16046a0bbf04bda559
outputs/sample_flow/sample_flow.csv,4738,f901bf6da636f60d5cd700b5666eb13768842da057dde0988d14238462794ad2
outputs/sample_flow/summary.json,11620,14284549e03897ddba6b035b21d5416e9a80e8e607510e8a253275acda289bfe
outputs/tables/agent_counts.csv,158,7697350cb37b2585cc94c1a6eafbec558fa2c930ed984cdae01458fa83f1114d
outputs/tables/data_quality.json,1305,af42502e08d82b2879617707d07fc9c66a2c015a7c96e842846da83f788a1da0
outputs/tables/dataset_feature_dictionary.csv,7932,83114801f211d836865cce15161c12e6f60ab69f3b634c573e83b9bfa36edc26
outputs/tables/dataset_full_join_quality.csv,330,ea63bbe92ec4c17251a2fe0fd5e8cdcfa16d4f84c5bab40f54861e3f8b01ed48
outputs/tables/dataset_join_coverage.csv,652,d510a93a6b0306e45d6ec6890cd803d9cb5363cc0a7c06dcb38789e0be9db95a
outputs/tables/dataset_table_inventory.csv,2339,1c8b7785be9c380989d89d61f15804945ac229467f538d852f47049ce5a5ab65
outputs/tables/direct_continuity_composition.csv,1485,038a1ad3d94e06aafec594a8312f5bf0076826c96b0332944147df1586cace1e
outputs/tables/direct_continuity_funnel.csv,420,89b2da414a73aab5617b9150aba84aabf534c5489926953f4a7cde82cc39979a
outputs/tables/direct_continuity_screen_diagnostic.csv,1054,1b7d8e9243a60df8dd40c3ce2bca2a84ed090030115caa9f847e4dfb1f146a3f
outputs/tables/direct_continuity_threshold_sensitivity.csv,450,e21065ca963367892334d55c53a3f938259d21516cf49e0459b18f323dbad5c3
outputs/tables/e1_contributor_continuity.csv,989,296adc63cb174cd516fef5c9e98ca83a3564471267ea5df37c6df6e3295f46f7
outputs/tables/e1_temporal_validation.csv,152,43ebb486aa8be27e445186cbf8c007ee449e26256b7b1c1d81543b8ac5edfee5
outputs/tables/transition_taxonomy_distribution.csv,1579,692d3a12a2f5fe2103c8596fb020e3a6255673f1bfd0b3b1239bfe42677bc529
outputs/tables/transition_taxonomy_recovery.csv,685,a021d139e036114bd831ac3c75dc67febf96fd46c4be615dc516021d1f15a961
outputs/tables/transition_taxonomy_within_repo_lpm.csv,4085,d33e687b23e930eb5131458d6910bf36c19cc5ee22edb2ffe375c0c37cb83743
outputs/tables/validation.json,608,de060530f2dacd5cbbd310d2c589c8d0b16e83105e116d26b932f02ffda45f2d
outputs/tables/validation_rq2_recomputation.csv,553,5fb46bd978d835d47d2e8ad8b2ffa236551ac5477d2e60ce37415d2705013d6b
outputs/tables/validation_rq3_recomputation.csv,839,dbd4cd537ca113561da839b9aa5e5079e030273c4d55e774292e07bd943d633f
outputs/task_context_interaction/answer_rate_cells.csv,675,5a6e7cd9c7490e255190bb8a4bcb68db2cb00476e574e6385698f81901eb30ef
outputs/task_context_interaction/interaction_models.csv,1185,9b102c56d6ac0e1fd3f22bcaa18d659917c607f7eaac8d27df0e8ae41d015e26
outputs/task_context_interaction/label_shuffle_test.csv,203,5cf373fa3d6fe50edf025b6380d282b02892b62fe21e50763b26ff7f2f57b09e
outputs/task_context_interaction/leave_one_repository_out.csv,1055,1a8bbdbe8a34a13cf31fba6bc42e9e930099c5851386f3dd98d0bd9aa39676f9
outputs/task_context_interaction/summary.json,1103,e4476c2d8ea9bc6aa7e8b7be2f0b6dc37bd5a63fda03fa403ee7ecc56c14e95c
outputs/task_label_validation/coder_a_blinded.csv,499595,24b8b812be8b90c62bff794b0ace7c2e2a2057bed332bcb6e14d7a7da4d07be4
outputs/task_label_validation/coder_b_blinded.csv,499595,24b8b812be8b90c62bff794b0ace7c2e2a2057bed332bcb6e14d7a7da4d07be4
outputs/task_label_validation/packet_metadata.json,422,aa2bfde47d2bf3e5e9b3cc0d9298cbfe325753f0a27251bf715d3e43afcf4fd0
outputs/task_label_validation/sampling_summary.csv,1130,6020609bb0447728c83fc958f07d403372daa37650b3fa6000289914ac33e994
outputs/user_account_automation/account_machine_likeness_scores.csv,23049,366d00423d83adffa02e689f3566ad508f64021828a06a20dbddfc52b1fb1cfb
outputs/user_account_automation/addressed_edge_contrast_after_dropping_flagged.csv,926,1e31e3cbad1c8fb11d2cc6cabde61c20bfcd902d8dc564aa2926a69f29c50ace
outputs/user_account_automation/addressed_edge_contrast_by_reply_content.csv,1536,bc42da8a9ed49bbc0733a013352d992df1e00721ba6b6cc2eb80959ccec83e54
outputs/user_account_automation/addressed_edge_reply_classification.csv,30539,f489829428ded5a4c2ae9570de00c0b3097ca4b1218a30d41129e0ef02bf60f5
outputs/user_account_automation/addressed_edge_text_repetition.csv,17857,88b6a673b1d0794a32c77c63de3a9951a924cf31118354a826f363459a1433df
outputs/user_account_automation/edge_event_account_flags.csv,21708,db09e09858642b473f0367a16aa0dfffac33dd6d770c8a5f4805a206ff2ec829
outputs/user_account_automation/heuristic_incidence.csv,521,68c26d9f04d8ef0a1e3ae22a53535b6408a9251ffd86f944092a245943aeca58
outputs/user_account_automation/manual_review_top_accounts.csv,5357,ffd82b2a70b2aaea61ddce12ad03df45f45822851a77b51747e4ff54619608dd
outputs/user_account_automation/preregistered_thresholds.csv,1271,6ddd87127b3c0b56173214fc9d6829db0cb84620e7ee3d11ab7b7be4e709a8b0
outputs/user_account_automation/reply_content_category_counts.csv,954,101cf7793374d2248f89d9dc51cf3298b720c1bfad38fbaa259e2bfa2f9442e2
outputs/user_account_automation/reply_content_rule_set.csv,1788,6f0c32fa56ff94ed0bae254ca497107287f079f9794c81d44a845707de33e4cf
outputs/user_account_automation/reply_content_rule_versus_reading.csv,338,78d24263115cfffd369d7eeae5682183ffb5e7b30550446f3b7a73cf1ca478c3
outputs/user_account_automation/reply_content_summary.json,3052,b7fd00c4c6a66e34dab78d1172705d0c7a7e765b35d1a9fc4bc4599910951f8f
outputs/user_account_automation/score_distribution.csv,904,cc58aaea9a32dc101c64a8e978c4b24bbaa1980d6e37badcaa80c20e0e58ed2b
outputs/user_account_automation/summary.json,3547,11eca5fbc852a954508b31e5ad288c471bc37f215cc6fea677a08ddf164647a3
outputs/worked_example/summary.json,685,9b3af2146d62ba6ddb7960955312493e04c7e1456a7b0b422d81f8830939b908
outputs/worked_example/timeline.csv,721,0af6f5b92b1a8d8d60425d1f8213eacb8ab0f2939a303f8f8967408cf81069af
outputs/worked_example_burst/summary.json,906,5bc4fc397b9bb770bec90e638c049eb94cd20a59c94b597fddce6b346707615c
outputs/worked_example_burst/timeline.csv,1024,f39cdc934b330c72a65c0049fab4c94637e921f22830e60a0d483f5804211bea
outputs/worked_example_matched_pair/pair_followup.csv,535,b2741f651248f31037fd89c2808d3a119b32e3809d5101aafe1070e4b9279979
outputs/worked_example_matched_pair/summary.json,2173,7282a137e9a99d80b31ec284b6597b5a870852b39823af86438dafdb4c2e0e0f
protocol/experiment_disposition_20260826.csv,4936,847ac0ba788f7e848b84439a501bced18991928cd20ec2640338e114dc26ffb9
protocol/external_acquisition_manifest_20260826.csv,7031,18ed10cb05cb637141b9f0abbd4fd7608e7c0cff58da4ab1f1a9e32571f3c81d
protocol/external_dataset_registry.csv,28542,aeca1c8c21d420fb119b04ee7ccebf2019536647083a439312c38a4da4b72709
protocol/external_semantic_artifact_audit_20260826.json,4845,ac75adaa7c401acce482fb1c1d332be0196854931ad346c5b51f96941cb3056e
protocol/feedback_response_label_schema.json,1793,9d392727a20d0814391d7e13606e03e1991af56cfa1bfd9370e40d6f80799349
protocol/review_collision_label_schema.json,3148,bb900619e5134ccbf0711cb33485f482f4ace85878854cf11038935711197cf4
protocol/swe_review_chat_exact_edge_funnel_20260826.csv,351,247c303389c9ee902f5a5863bcd7971d72e212c19d344edd8b7edc8aa8cdb8f7
protocol/swe_review_chat_exact_edge_pilot_20260826.json,5848,e5a87577e3aef66607f49fe545a53ee128d87769ed411ef302f1237175f6d1ca
protocol/swe_review_chat_file_manifest_20260826.csv,65713,56dc45a5dca7d6508bc08de0951b911aeae25aa977d4da9a87642c6edcc91790
protocol/swe_review_chat_profile_20260826.json,19836,e618e5215ad8a3b9e73d9ed29dfcf4a94533f58a74837b50363389b112c6dd17
pyproject.toml,490,8e0502102f0852a42cfb9aa937616cf22371f1360fb228fc72a019d6b1ec5c0e
scripts/README.md,1527,12cddf35c11c14ff041ea2fecdb10638d6e4aa1dccfe7c8799d031686d858c70
scripts/analysis/run_addressed_edge_confounding_sensitivity.py,15773,090c61e6bb6541734c097a1a2d6ec6050aff8057e287fded653fd1fd4ea1ddb4
scripts/analysis/run_addressed_edge_landmark_analysis.py,44249,058efc49433c49acb1507ff6e990107ac3c434139f63e2e3b3511ef9052ffbc0
scripts/analysis/run_addressed_edge_reply_content_audit.py,27102,01625dca2e186a5456d4228b5b21ffd608c36e10218546d9599c8571a07e250e
scripts/analysis/run_addressed_edge_scope_audit.py,17297,47ec7f6cf20c9473a5b106bb4713b6fa6b8d90f550f0d0bc1e7c2e15d53e5b91
scripts/analysis/run_addressed_edge_specificity_analysis.py,49554,0b25a42a876b5344bf17fafcb5a59a0636e190b94013ab9e718679b01f9ff6aa
scripts/analysis/run_anchorability_coverage.py,30749,84a122d57b4e96a0ba605b891743904d447e6fac66bc1b049de06c3aa548d4ad
scripts/analysis/run_burst_collapsed_topology.py,45876,df0438538f177ae8755e85323e5f79a6fa2dcbae27c8503a4aecaabc6b56cad1
scripts/analysis/run_burst_threshold_selection.py,49192,ef6688df189adea64d88d324c37ec2491acf226c3e3769726a5410668f28a25b
scripts/analysis/run_collision_descriptive_extension.py,9909,b344d1a8c4a75eafeb38b3a080b0865ccf3cb92c5c79052d26499c09562d5c31
scripts/analysis/run_confounder_benchmarks.py,5294,34cea6d93c4b28cbf8e15943819fd93ad5475047b0426bf14ecb20a07a73e795
scripts/analysis/run_constant_sensitivity_sweeps.py,17667,3a0e813c2b999f47b668017c5559b06850a8438551484d1a4b58814edde2cb9b
scripts/analysis/run_contributor_analysis.py,398,d1196ef141918f86d4556c010efa355b28ade8467f807add9029382480f5dda4
scripts/analysis/run_coordination_topology_analysis.py,22139,f73cd41100b933eccc24244e24b1b573a92fe5945717cc3584bff7018f6cf991
scripts/analysis/run_cross_agent_review_exploration.py,14969,0e9b45c663618b2238d2d086e88ab27ab4d153ed54d5f3cbf5f599ce769e47fa
scripts/analysis/run_cross_corpus_attribution_sensitivity.py,14573,ac192d496cec5563371e69c01c769389e683e90907282e4d30a83d13fa5ba636
scripts/analysis/run_deep_coordination_transitions.py,50643,1df795ab32201da087746e7c97d6c88709639917e0d03a6c4e1236b619c1f335
scripts/analysis/run_direct_continuity_analysis.py,371,ace1e83ced6aa3242ca34a63f3b8593ad760563c324a134ab83e10e1a93cbed2
scripts/analysis/run_direct_handoff_analysis.py,493,656962dc91fb2737b6f87b3364450589843dd4f79fadc1d85d1a817bfedcaef0
scripts/analysis/run_exploration.py,899,2dcc7f5b7357f4494320bc22569773301d18bc4caf643376df74d56b646348a4
scripts/analysis/run_external_actionability_transfer_probe.py,7586,0aca76325962ef5db62805d4209fec9bfa8ea4cd39338aa0b307a902cf09be22
scripts/analysis/run_feedback_landmark_models.py,2218,4d32d2f00c2faa0ca2ef72046e8ec1dea24639877a4e57fc586027c75eba1de6
scripts/analysis/run_feedback_routing_models.py,14955,530bd0e8577f382ab922d9c19e2dc6d1168af458decc5835ac810209729d3972
scripts/analysis/run_heterogeneity_audit.py,34462,0dd58e16c6f165ccd369c49ee1e621e46b1d9ffa373c497cf4483f7648574126
scripts/analysis/run_human_memory_bridge_analysis.py,26877,8a64ccf7307a45f44e41a78b47ea9a916dbe0bf2d0fb5125ec841dad04432d77
scripts/analysis/run_legacy_extension_ownership_persistence.py,41321,f0bc36e27b2d98efbbc955bbcbde3a1a10606427ab762f09678c359ddad5f19a
scripts/analysis/run_legacy_extension_repository_memory.py,678,8da0905e3d71e9fae333f166080f0203f970838c76a2ac6ff87fd7b2dd11677c
scripts/analysis/run_matched_thread_position_audit.py,19096,9418f2ae09aae9363d9e72d555dff1f2ef837aa2d919970cde907b3c8d9fdad0
scripts/analysis/run_merge_curves.py,19431,3960731754d97f57b66263bf702f05156971249d2562e9a544f056938268034f
scripts/analysis/run_pseudo_edge_negative_control.py,34736,b82d0dff6f9c62f05a055aea835b6e12507dff4dc8948b46d466768c5852f71a
scripts/analysis/run_response_ownership_analysis.py,8387,74f181eb9a1332d8f2e11f7aa8ce7d83af7a73c7add46875766890e4b8ad1e91
scripts/analysis/run_response_ownership_robustness.py,8070,68bc9974083169cdade38fef9ca1389b30bc3a0a1f7e49dc9b0ed4b394f9173c
scripts/analysis/run_review_request_context_analysis.py,7499,eec10f71d74ca5e9869e89167c0ec24ac2d3e716ff1aa5ca9e8751335bb89c40
scripts/analysis/run_rq3_extensions.py,24828,857e49d33995c3ca270647b20d5bdbeffb624eac4d35675f4f24ede432463194
scripts/analysis/run_rq3_landmark_selection_probe.py,37985,6968f19adcfb4d8385e60948596947f3ae0810d414f46b0fed2c9843b314ad7c
scripts/analysis/run_sample_flow.py,31012,999d37923699d3953271a8545e7130bc17039b3eb146dc6961cfc7ec95cd640a
scripts/analysis/run_streak_analysis.py,864,2d117dd7cb6e1adbb2f338718aa552dec86dab8135bb30056287a52bce5e7197
scripts/analysis/run_swe_review_chat_exact_edge_pilot.py,56001,e2518d2a57b2c576f8f289558a77ba594afe978f5fedcff511fb5b34461f7de4
scripts/analysis/run_task_context_interaction.py,13314,fff99396c9a2c2ef706d5a15de5e2d41f5fa76869968a72d938eac8f08989917
scripts/analysis/run_user_account_automation_audit.py,34695,ab91fe4d48f645f5a34ca95d9bd5b2c7a43f89a066572d3fca8177edab8154cf
scripts/analysis/run_worked_example.py,9346,2139c8ca703eee125bd192325a3771b310f5d5b32763e3d7a4c4e882dba13e11
scripts/analysis/summarize_bootstrap_draw_sweep.py,6215,5c8457d206f80a9688eca8c5df3b112672dfdadb34cc0a5d784bda5c88af9414
scripts/audit/build_human_audit_packets.py,4592,747d77ff73691f86b0a4f97717d92d41dfd005c96d973cce7ddbe9ee3faaff02
scripts/audit/prepare_feedback_response_audit.py,10675,ce9daad51f4d550e80ee02108d93852b40d396f46f0bb093d75b3de4ebe68d03
scripts/audit/prepare_review_collision_audit.py,26298,7c0220fd802f026fb3548739d1983e68b82b26ca818b0968d5fe7f12ca78f21d
scripts/audit/profile_dataset_schema.py,13893,af9d1e007f7f79441256eabf4375eb3b82856ea8c44c90083f0dc02873fc5eff
scripts/audit/profile_external_semantic_artifacts.py,1572,6b994418e9ff375a90453b0f418631efe04d203bda3d986b831004a1e7aaa3fa
scripts/audit/profile_swe_review_chat.py,49076,477bde108a85d0364795caa021071c643bc1fc6491d6c9a12b662f2361be123f
scripts/build_submission.ps1,10327,ddfce1db4255112c66d34b5f6cd7568042c6f3b2a69ed853f6ccfe285b9828b6
scripts/examples/run_burst_worked_example.py,10769,56c4766fe2ca33ba5aaf70a2a130ad45822959e74aae8ef120dc934a5e60c437
scripts/examples/run_matched_pair_worked_example.py,9560,3d06b76acdef54f3f7207c556e0b9c2a81f62a7643b086c5a07f2d042b48ff79
scripts/figures/visualize_dataset.py,53439,88d19c80d4cf8c171db2f86989de03d721c3135f051cf5cbebcdb93b0b7b8ff5
scripts/figures/visualize_manuscript_figures.py,116881,6ee7fe2ca14430661edbe85323bb9fd44ec0fd8f20f08db5d5172b58b0607533
scripts/package_submission.ps1,6615,00ca531e3b79d5d991e2e2a92f39ce27fe362e1327c5eea84284ac3f3b07dd9e
scripts/release/build_submit_folder.py,8772,6b886603e6ce0d8baa3a0d5ee4ad5bb46a832f0d43e63b4fd8d4555135f5e179
scripts/release/build_zenodo_archive.py,19118,0f85a081d215243bfd384af14026162486bf61b1fea682a1f365261fd75b7356
scripts/release/create_zenodo_draft.ps1,4380,58052b6a3a7334fe9da8b24da6632bf541d4b541d79eaa039800eff1b003a24e
scripts/release/sync_page_counts.py,4371,678efba74c406157d6e2771fb0cba332e4d48c9ced9476deceab486b3d256410
scripts/reporting/build_handoff_notebook.py,4969,1dd89f213bbf6436855b5523be030853fec4ca18872cfcb659251fa6574eaeca
scripts/reporting/execute_notebook.py,1147,130a032eb5581f243991251b8919eb0fa499aeb0bc11f959422f16ce90c3b31a
scripts/reporting/generate_technical_appendix_tables.py,176981,79ef027e8341e4366f5e1397b41908d62ab51ec7971997c9fe4b483528bf77d8
scripts/validation/extract_citation_claims.py,3351,da79af4ecc2da57430c1c13b528d8ce4148a58836e453eef480f2d1227d12d42
scripts/validation/validate_coordination_extension_outputs.py,6752,7688653a6091a4ba6ab94b47a279182e9c729904ea227a35d205c0f9120afa82
scripts/validation/validate_response_ownership_outputs.py,10930,51fe888bcb1d26526a36c3b39f236cb589f43f7f6bc1a755080fd47e6e66fa15
src/external_validation/__init__.py,533,220d8c8fd6210b3087b043469818cb0f51b790442982c9a6a766eb17f89d2310
src/external_validation/contracts.py,8359,3ec47c52f7384f620aede3a0e57da7e7fe662f2f7fbff3add32020137a91c24d
src/external_validation/semantic_artifacts.py,15777,507d3b7a9aa1d4c7dcbba87fae99647ef1ed99618d37f64626aa5c58f489edb6
src/multiagent_impact/__init__.py,142,19a64fb007f60d00e62b294482afd08a6fcdf00851e5faa0744e2f0a07908790
src/multiagent_impact/artifact_handoff.py,15113,83d1b68da68bf7e54a8c21988e5182ea7100d040b5f99b0ceb996902de9b1565
src/multiagent_impact/contributor_analysis.py,12566,1eb4e6aa2b7944a614ca072abb6c9c185ed48e1dceefa4663522ce78d7af4ac9
src/multiagent_impact/cross_agent_review.py,23463,ad716ce4a89b15232f756a9703a8368ad46bd5145a4b7ed984679ecd7195fea8
src/multiagent_impact/direct_continuity.py,16993,55e08cd514cbd16f999655c63c755e4d4a63411948f2b26f5483e2c12adb6026
src/multiagent_impact/direct_handoff.py,19675,3f8a32e96c82f07ef99c2002f37892716c1839ef2cb999d34fc150efb7b8a653
src/multiagent_impact/matched_adoption.py,13427,6bfcf5575cf3129bf1f66707c65a293f9ffb65c2a5168f440b75ada88e426e21
src/multiagent_impact/pipeline.py,40895,c0ab12232e42ac872c994fdb57ea1975e04c478d5b45dfe9e4ff6e09f928f901
src/multiagent_impact/specialization.py,17707,41cfec6c3c6ea63dfe4500b070b4311f1a5c38976e3e4a0b3a63d74a50a14c04
src/multiagent_impact/streak_analysis.py,19352,ecd307a4d8f3549df1786cace756295e74ab6f07b1fa94a7f6e22d438ab49642
src/multiagent_impact/task_classifier.py,5848,4ef48c4a8c95dac9bd8c5551d65c9452a9450c4a9a23f3b26303081a61282774
src/multiagent_impact/task_continuity.py,12459,f282c96ea1b5fdee189ef92f9b8c197b3f996924a9ca0ac95180c6f7eadd6db0
src/multiagent_impact/task_fit.py,8752,a447d25affb5ea4c77bbe69a889aceec9cff252ec9c233de830335a26e51d74c
tests/test_addressed_edge_confounding_sensitivity.py,4206,6d11b18c9c53c8fae16a3a0833424f1e9937a89f06bcaea80f0323ad3ec92693
tests/test_addressed_edge_scope_audit.py,3584,a05e6f3b29f4eee106ce3101cc67610293bda3eb008c375b7c96a04922c95f15
tests/test_core.py,3526,ef66bdd48f23cd194248e76909c9b9c647d101434640fef87cc416c74c96e9c1
tests/test_cross_agent_review.py,681,f4d95f9ca8ae38c3ebc735a4aa57ed84e349ce9ee32dfbe8b3086743a1a8f019
tests/test_cross_corpus_attribution_sensitivity.py,2893,2d8cb11ec696195dd210f24df88d92025c94cd2a65563f1af30913349a45728e
tests/test_direct_handoff.py,2482,3c42961b6f3c0a71d598d5c42b721d9211bbd01bf13d65ea94838a13b2776e58
tests/test_external_actionability_transfer_probe.py,725,4cacfaf069156b5f9651b2edf473158a8c3991d2c114952b01f0e3a5d620cc40
tests/test_external_semantic_artifacts.py,1102,8f3f5b336bd0fb5f87a76760b74d2cabf5fe6b759f214f4a1ccc232d06cd4315
tests/test_external_validation_contracts.py,3695,856ee6262bc4b67b37405c3e89c5932d8b35cbf72507579a006a3de6463e7df4
tests/test_profile_swe_review_chat.py,1378,2bd3c03b88259a8793420b3a4f65295eb3a0e0bdbda375f8b4b7fdf0cf834d9c
tests/test_specialization.py,1041,103fabe180fe216d417227cd8400ca0055ea7ea0ab4a48d3ad1b5c34884ae4d2
tests/test_streak.py,5347,653fb91852c2d57724b12dea8b7ea71e90662d2966d93fdc0cf079fedc52b0f3
tests/test_swe_review_chat_exact_edge_pilot.py,3370,8c8ce9487feb4cb7bbe6d88299270907e69111494d8143be324b58fdb00cf442
uv.lock,377422,02da6301a285f9a9820e5f623a1bcbe340732a20cf6158a71460a04f7abadc4a
