days_since_trigger,merged_no_edge,merged_no_edge_low,merged_no_edge_high,merged_with_edge,merged_with_edge_low,merged_with_edge_high,merged_no_reply,merged_no_reply_low,merged_no_reply_high,merged_reply_off_target,merged_reply_off_target_low,merged_reply_off_target_high,merged_reply_on_target,merged_reply_on_target_low,merged_reply_on_target_high
0.0,0.0,0.0,0.0,0.0,0.0,0.0,0.0,0.0,0.0,0.0,0.0,0.0,0.0,0.0,0.0
0.125,0.43578680203045683,0.3714379872019889,0.4975261022618396,0.0,0.0,0.0,0.43578680203045683,0.3714379872019889,0.4975261022618396,0.0,0.0,0.0,0.0,0.0,0.0
0.25,0.48771763237957555,0.4248890704148534,0.547511250554244,0.17801047120418845,0.11901260504201683,0.2369675095197655,0.4840461398590802,0.419304815208728,0.5428544458807729,0.19999999999999996,0.12870605867926244,0.26853632478632483,0.17801047120418845,0.11901260504201683,0.2369675095197655
0.375,0.5149267691213197,0.45513648623504777,0.5724968695972024,0.23672400897531787,0.17013925555249815,0.3054332110877378,0.5101619095482377,0.45005467127045096,0.569074910818926,0.27422680412371125,0.1833173076923077,0.3487314289832235,0.23672400897531787,0.17013925555249815,0.3054332110877378
0.5,0.5358241798510801,0.4757594588338404,0.5925418551596368,0.3035106581899776,0.22441692760454968,0.38313635257943723,0.5309264151198552,0.46993827729467796,0.5879281171027353,0.3132468684181353,0.22141658883641782,0.390997444511998,0.3035106581899776,0.22441692760454968,0.38313635257943723
0.625,0.5575924252097881,0.499410998942137,0.6122249047187791,0.3406567564198455,0.25690522207676214,0.4311204620532162,0.5527035970265973,0.4957341996491492,0.6071695009651847,0.3501690797935043,0.26482254511996073,0.43160697378977364,0.3406567564198455,0.25690522207676214,0.4311204620532162
0.75,0.5757691120683734,0.5179955592704685,0.6319400789067351,0.4074820851610773,0.31107087415103063,0.492264697118905,0.5699887103907115,0.5112214677038684,0.6251576132604589,0.3980513581245093,0.30065658558707203,0.48339644667223125,0.4074820851610773,0.31107087415103063,0.492264697118905
0.875,0.5932938486703815,0.5358748277787478,0.6487604022243307,0.4498047933638575,0.3594515810765797,0.5340888883313128,0.5880109773483514,0.530837811406897,0.6431470768740363,0.41811631285369233,0.31789501249786084,0.5035361247582025,0.4498047933638575,0.3594515810765797,0.5340888883313128
1.0,0.6120391527645861,0.5531515382683134,0.6660264262947049,0.5035832722079918,0.39946109746342073,0.5938344138865221,0.6035020596682881,0.5467764647462802,0.65724288238879,0.5012425538745934,0.3881074658480575,0.5994132183702825,0.5035832722079918,0.39946109746342073,0.5938344138865221
1.125,0.6253114975384292,0.5694826416042783,0.6778715505531208,0.5276034364559921,0.4299312283344122,0.6136029176449623,0.6163778285042749,0.5605225370713122,0.6673076856258945,0.5280574703329486,0.4108087292398797,0.6235095006902732,0.5276034364559921,0.4299312283344122,0.6136029176449623
1.25,0.6284137942469427,0.5736953090684005,0.6791554494371098,0.53534764241573,0.43234272630049847,0.6215652634915543,0.6182902022405447,0.5618554168499436,0.6691050535080613,0.5505309241266176,0.42181169634484195,0.6507451494549216,0.53534764241573,0.43234272630049847,0.6215652634915543
1.375,0.6339702234918482,0.5791900134880557,0.684816981663371,0.5468679488021169,0.43974067212093926,0.63742865489327,0.6233126995794849,0.567115834835215,0.6728897055175737,0.5669749147073513,0.45152401168882855,0.6582016179365096,0.5468679488021169,0.43974067212093926,0.63742865489327
1.5,0.6360598321113048,0.5812651540143866,0.6860906019125935,0.5583882551885038,0.45955378752636417,0.6453876091518046,0.6248660492719407,0.5680916336178226,0.674706088285812,0.5776668921219845,0.46438773987435555,0.6706331562925888,0.5583882551885038,0.45955378752636417,0.6453876091518046
1.625,0.6392184256609657,0.5842519912364285,0.6892761113601208,0.5583882551885038,0.45955378752636417,0.6453876091518046,0.6284013430484354,0.5722271318866667,0.6788187405574339,0.5776668921219845,0.46438773987435555,0.6706331562925888,0.5583882551885038,0.45955378752636417,0.6453876091518046
1.75,0.6452079635162035,0.5910262147616228,0.6941400607623686,0.5736162463889001,0.47896213158910017,0.660023918675253,0.6335241241092735,0.5777136521643651,0.683757317274903,0.5985228480665779,0.48550185562555925,0.6919480515101588,0.5736162463889001,0.47896213158910017,0.660023918675253
1.875,0.6498202599904928,0.5965193793554006,0.6979904694465063,0.5736162463889001,0.47896213158910017,0.660023918675253,0.6382990540883058,0.5814735907802266,0.6866616743422385,0.6036048373315579,0.4859296914315281,0.703839891682151,0.5736162463889001,0.47896213158910017,0.660023918675253
2.0,0.6555433200927931,0.6017461745554845,0.7036669343334359,0.5887094766052223,0.493931883902701,0.6718417478824843,0.6431057111768334,0.5870826998509043,0.690188680718569,0.6244677406298969,0.508293906735942,0.7233352138466975,0.5887094766052223,0.493931883902701,0.6718417478824843
2.5,0.6674087380854214,0.6136794046346923,0.7172126978307225,0.6075760143756249,0.5157861906702821,0.689993138426277,0.6536144897831779,0.5991611960155646,0.7023474063240289,0.6595174181711065,0.5419560451205845,0.755094080504679,0.6075760143756249,0.5157861906702821,0.689993138426277
3.0,0.6827254409367507,0.6291775378390649,0.7287796761790579,0.6589212087563843,0.5810250811768188,0.7375688688610502,0.6672063112304493,0.6132149189076764,0.7133046794087589,0.70267718206491,0.596774548576584,0.7898190470931118,0.6589212087563843,0.5810250811768188,0.7375688688610502
3.5,0.6901732005391743,0.636745469350565,0.7353412402215364,0.684593805946764,0.6017138142818098,0.7584146236690598,0.6747985626852679,0.6219638077406886,0.7200043348538286,0.712116001681897,0.6034469153893796,0.7962757871672405,0.684593805946764,0.6017138142818098,0.7584146236690598
4.0,0.7003748146677625,0.6466862101011119,0.746809411989058,0.7135966743654523,0.6413151340305063,0.7822046927716005,0.6846791875970761,0.6321070160576556,0.7280845126863138,0.7303943507814591,0.6208177923476594,0.8088140608988709,0.7135966743654523,0.6413151340305063,0.7822046927716005
4.5,0.7061815043059843,0.6526916918791591,0.7518787500779741,0.717047316842977,0.6439923777612935,0.785114794308505,0.6904445470362295,0.6375371468867158,0.7354376142984878,0.7389532602804604,0.62742046411112,0.8144634221449527,0.717047316842977,0.6439923777612935,0.785114794308505
5.0,0.7128860874292033,0.6585887271741729,0.7561550936397814,0.727399244275551,0.6522826713105481,0.7962869794217564,0.6967897539783858,0.6432286035527633,0.7412206209490386,0.7515845541378574,0.6472019307902999,0.8249790831341394,0.727399244275551,0.6522826713105481,0.7962869794217564
5.5,0.7192752704627676,0.6653614993745747,0.7613049668453263,0.7374955685616418,0.6661245124293861,0.8033526468077444,0.7018663334399349,0.6483380275512339,0.7453480062390954,0.7716180578364173,0.6755021531931046,0.8438924257314112,0.7374955685616418,0.6661245124293861,0.8033526468077444
6.0,0.724496188179483,0.6702847233276908,0.7666215376100808,0.7374955685616418,0.6661245124293861,0.8033526468077444,0.7055871904328842,0.6536144337319356,0.7486366877257966,0.7913061562987951,0.6950532079814958,0.8552325883931348,0.7374955685616418,0.6661245124293861,0.8033526468077444
6.5,0.730969111805222,0.6759663487099757,0.7720683412658024,0.747723013942357,0.6795382196088235,0.8098515163859474,0.7103129177132552,0.6576052328681113,0.7505526127232224,0.8128951746127129,0.7179464276883517,0.8801781760970626,0.747723013942357,0.6795382196088235,0.8098515163859474
7.0,0.7375812380895791,0.6823363533646613,0.7779764990622505,0.7511788630664342,0.6839122465286591,0.8125273071382851,0.7166104629803584,0.6623074403946541,0.757726857408596,0.8234860137855782,0.7276422261365983,0.8856544418620846,0.7511788630664342,0.6839122465286591,0.8125273071382851
7.5,0.7404923812486488,0.6860363224026123,0.7796351954407884,0.7653972137483523,0.6982621092721542,0.822554672552999,0.7190534762305276,0.665345735884082,0.7595535643723181,0.8304081308920261,0.7370260231782951,0.8916695771787051,0.7653972137483523,0.6982621092721542,0.822554672552999
8.0,0.7446847498876044,0.691304442167617,0.7829436701366038,0.7653972137483523,0.6982621092721542,0.822554672552999,0.723973730587261,0.6709932779266556,0.7638190524712574,0.8304081308920261,0.7370260231782951,0.8916695771787051,0.7653972137483523,0.6982621092721542,0.822554672552999
8.5,0.7459528719908116,0.6918107270726108,0.786042309864015,0.7728449212484046,0.7096883044602198,0.8271409432677245,0.7249666308369471,0.6710065332083711,0.7646846991923961,0.8339412948317755,0.7415326803099389,0.894248122593913,0.7728449212484046,0.7096883044602198,0.8271409432677245
9.0,0.7463893790836109,0.691830734607532,0.7864250722406119,0.7840164824984831,0.7159029928291867,0.8397527773902876,0.7254807119008033,0.6723457384277266,0.7656188396089725,0.8339412948317755,0.7415326803099389,0.894248122593913,0.7840164824984831,0.7159029928291867,0.8397527773902876
9.5,0.7490357507801297,0.6951671165206421,0.7891335368401229,0.7840164824984831,0.7159029928291867,0.8397527773902876,0.7285943522195087,0.6764967956478974,0.7688908460235114,0.8339412948317755,0.7415326803099389,0.894248122593913,0.7840164824984831,0.7159029928291867,0.8397527773902876
10.0,0.7512645629401641,0.6985659591106145,0.7907064867339288,0.7840164824984831,0.7159029928291867,0.8397527773902876,0.7306861105839055,0.6794427584944648,0.770686430393224,0.8377153563128715,0.7490547312032309,0.897736260503548,0.7840164824984831,0.7159029928291867,0.8397527773902876
10.5,0.7535176013193293,0.7012457130498142,0.7927221221661751,0.7877403362485093,0.7207222921200336,0.8472226108056248,0.7333316301263033,0.6834860472204201,0.7731222385553206,0.8377153563128715,0.7490547312032309,0.897736260503548,0.7877403362485093,0.7207222921200336,0.8472226108056248
11.0,0.7562311690112266,0.7053729610989954,0.7950008779108179,0.7951880437485616,0.7289850433587258,0.851343174517099,0.7365189014793754,0.6860198635653577,0.7751045783754765,0.8377153563128715,0.7490547312032309,0.897736260503548,0.7951880437485616,0.7289850433587258,0.851343174517099
11.5,0.75940878878203,0.7084124700099447,0.7975619239290935,0.7951880437485616,0.7289850433587258,0.851343174517099,0.7391857142174385,0.6878432899019569,0.777513489889984,0.8452634792750635,0.7598429928644914,0.9050757363895862,0.7951880437485616,0.7289850433587258,0.851343174517099
12.0,0.7621479676573768,0.7112748307318653,0.8001138151322809,0.7951880437485616,0.7289850433587258,0.851343174517099,0.7418689887625265,0.6906855522259432,0.7795003096655017,0.8490375407561596,0.7679566485795194,0.9067724902836504,0.7951880437485616,0.7289850433587258,0.851343174517099
12.5,0.764439413055668,0.7126978497449965,0.8005621820584072,0.7951880437485616,0.7289850433587258,0.851343174517099,0.7440245713198332,0.6940964617903722,0.781772562230638,0.8528116022372556,0.7679566485795194,0.9097665614868171,0.7951880437485616,0.7289850433587258,0.851343174517099
13.0,0.7653649949297125,0.7135286348172176,0.802277670979192,0.7991267352149354,0.7375077059928692,0.8547882660118182,0.7440245713198332,0.6940964617903722,0.781772562230638,0.8603597251994477,0.7826996845382121,0.9161418044978868,0.7991267352149354,0.7375077059928692,0.8547882660118182
13.5,0.7677019969722453,0.7172540499884785,0.8041395438805227,0.7991267352149354,0.7375077059928692,0.8547882660118182,0.745676025698415,0.6947046722458521,0.7835228203763065,0.8679078481616397,0.7984893487571328,0.9213554236048275,0.7991267352149354,0.7375077059928692,0.8547882660118182
14.0,0.7695829524623485,0.7185350684178712,0.806167476753329,0.803226189598304,0.7383358022155219,0.8590063036637684,0.7478923566291478,0.6970008074605556,0.7865817789689318,0.8679078481616397,0.7984893487571328,0.9213554236048275,0.803226189598304,0.7383358022155219,0.8590063036637684
14.5,0.7695829524623485,0.7185350684178712,0.806167476753329,0.803226189598304,0.7383358022155219,0.8590063036637684,0.7478923566291478,0.6970008074605556,0.7865817789689318,0.8679078481616397,0.7984893487571328,0.9213554236048275,0.803226189598304,0.7383358022155219,0.8590063036637684
15.0,0.7705331258542564,0.7195702417049978,0.8072448507597949,0.803226189598304,0.7383358022155219,0.8590063036637684,0.7484501169020921,0.6975907519358413,0.7870832414833326,0.87191064064159,0.8026534437469731,0.9220507258039344,0.803226189598304,0.7383358022155219,0.8590063036637684
15.5,0.7724533507425053,0.7220245530666114,0.8082723523215328,0.803226189598304,0.7383358022155219,0.8590063036637684,0.750706169665302,0.7010393726614683,0.7897098964291146,0.87191064064159,0.8026534437469731,0.9220507258039344,0.803226189598304,0.7383358022155219,0.8590063036637684
16.0,0.77582798325268,0.7258535100167565,0.8117346587462023,0.8074128664153615,0.7418803506744207,0.8638472232008327,0.7540979224589713,0.7051655633947106,0.7933309015681544,0.8760425554596032,0.8098814736025829,0.9234873259669939,0.8074128664153615,0.7418803506744207,0.8638472232008327
16.5,0.77582798325268,0.7258535100167565,0.8117346587462023,0.8074128664153615,0.7418803506744207,0.8638472232008327,0.7540979224589713,0.7051655633947106,0.7933309015681544,0.8760425554596032,0.8098814736025829,0.9234873259669939,0.8074128664153615,0.7418803506744207,0.8638472232008327
17.0,0.7768005299630805,0.7264015088981092,0.813247381022542,0.8074128664153615,0.7418803506744207,0.8638472232008327,0.7552363580031428,0.7063535542808864,0.7939711472607937,0.8760425554596032,0.8098814736025829,0.9234873259669939,0.8074128664153615,0.7418803506744207,0.8638472232008327
17.5,0.7772921587517081,0.727889930923643,0.8132479665203481,0.8157862200494761,0.7471894966779846,0.8712865063442559,0.7558122724549001,0.7069354692410508,0.7944103288167332,0.8760425554596032,0.8098814736025829,0.9234873259669939,0.8157862200494761,0.7471894966779846,0.8712865063442559
18.0,0.7782819713794783,0.7290108526446992,0.8141468819679784,0.8157862200494761,0.7471894966779846,0.8712865063442559,0.7569723091653281,0.7081329169045792,0.7965547961409396,0.8760425554596032,0.8098814736025829,0.9234873259669939,0.8157862200494761,0.7471894966779846,0.8712865063442559
18.5,0.7822589763771558,0.7340913544322393,0.8179367816489411,0.8199728968665335,0.7533594600429014,0.8764800950961602,0.7616347109079598,0.7121664079765355,0.8000154974633892,0.8760425554596032,0.8098814736025829,0.9234873259669939,0.8199728968665335,0.7533594600429014,0.8764800950961602
19.0,0.783257788412123,0.7353434738847809,0.818390221584174,0.8199728968665335,0.7533594600429014,0.8764800950961602,0.7628060391098862,0.7123568339412579,0.8005640321494337,0.8760425554596032,0.8098814736025829,0.9234873259669939,0.8199728968665335,0.7533594600429014,0.8764800950961602
19.5,0.7852693170579501,0.7377225418481007,0.820288536385072,0.8241595736835908,0.7586492495858541,0.8764962289618771,0.7645761432956334,0.7156361432702045,0.8016528489372144,0.8803169500989272,0.8167157864912615,0.9296566580033598,0.8241595736835908,0.7586492495858541,0.8764962289618771
20.0,0.7867850630551881,0.7387747319477125,0.8212309383164879,0.8283462505006483,0.7679718361834654,0.8803551640781129,0.76635516488282,0.7167405825345491,0.8022118257280778,0.8803169500989272,0.8167157864912615,0.9296566580033598,0.8283462505006483,0.7679718361834654,0.8803551640781129
20.5,0.7898309907258283,0.7417507661470192,0.8241519083551937,0.8283462505006483,0.7679718361834654,0.8803551640781129,0.7699313613386952,0.7213337409221101,0.8068311145495046,0.8803169500989272,0.8167157864912615,0.9296566580033598,0.8283462505006483,0.7679718361834654,0.8803551640781129
21.0,0.7908512286349263,0.7417634557392742,0.8261074365055197,0.8325329273177056,0.7679718361834654,0.8867831623461354,0.7711296354983895,0.7228328957027853,0.8076860086528563,0.8803169500989272,0.8167157864912615,0.9296566580033598,0.8325329273177056,0.7679718361834654,0.8867831623461354
21.5,0.7918739610132396,0.7430522080869886,0.827679685083262,0.8325329273177056,0.7679718361834654,0.8867831623461354,0.7723310547346185,0.7234701899538077,0.8087433161171668,0.8803169500989272,0.8167157864912615,0.9296566580033598,0.8325329273177056,0.7679718361834654,0.8867831623461354
22.0,0.7944434182846811,0.7463874576904088,0.8308289647696734,0.8325329273177056,0.7679718361834654,0.8867831623461354,0.7753505367673158,0.7272375909274021,0.8140654383207746,0.8803169500989272,0.8167157864912615,0.9296566580033598,0.8325329273177056,0.7679718361834654,0.8867831623461354
22.5,0.7960085699221073,0.7484580687472838,0.8323158730125549,0.8325329273177056,0.7679718361834654,0.8867831623461354,0.7771919258102067,0.7309731591532684,0.8162468247080189,0.8803169500989272,0.8167157864912615,0.9296566580033598,0.8325329273177056,0.7679718361834654,0.8867831623461354
23.0,0.7965343210305555,0.7484729173782846,0.8330693099344613,0.836939955546187,0.7746226214708047,0.891685233209865,0.7778108371274005,0.7317546477705607,0.8171020911794858,0.8803169500989272,0.8167157864912615,0.9296566580033598,0.836939955546187,0.7746226214708047,0.891685233209865
23.5,0.797062803313593,0.7484729173782846,0.833097033406368,0.836939955546187,0.7746226214708047,0.891685233209865,0.7784332157348868,0.7325083143234072,0.8173449849820754,0.8803169500989272,0.8167157864912615,0.9296566580033598,0.836939955546187,0.7746226214708047,0.891685233209865
24.0,0.7981225275782741,0.7499641255439696,0.8349434640999058,0.836939955546187,0.7746226214708047,0.891685233209865,0.779055594342373,0.7332814680020269,0.8184591469208894,0.8847496556508188,0.8207286821187728,0.9330468715200178,0.836939955546187,0.7746226214708047,0.891685233209865
24.5,0.7991850405910199,0.7523025735554687,0.8358638932234723,0.836939955546187,0.7746226214708047,0.891685233209865,0.7803003515573457,0.7345808928397481,0.8197378939661691,0.8847496556508188,0.8207286821187728,0.9330468715200178,0.836939955546187,0.7746226214708047,0.891685233209865
25.0,0.8002503719406697,0.7529297708179898,0.8363540581014165,0.836939955546187,0.7746226214708047,0.891685233209865,0.7815486450144061,0.7361902749863859,0.820269880046271,0.8847496556508188,0.8207286821187728,0.9330468715200178,0.836939955546187,0.7746226214708047,0.891685233209865
25.5,0.8007858937317135,0.7535430822011885,0.8375374237515065,0.836939955546187,0.7746226214708047,0.891685233209865,0.7821763787931004,0.7365551580523859,0.8208419714396799,0.8847496556508188,0.8207286821187728,0.9330468715200178,0.836939955546187,0.7746226214708047,0.891685233209865
26.0,0.8007858937317135,0.7535430822011885,0.8375374237515065,0.836939955546187,0.7746226214708047,0.891685233209865,0.7821763787931004,0.7365551580523859,0.8208419714396799,0.8847496556508188,0.8207286821187728,0.9330468715200178,0.836939955546187,0.7746226214708047,0.891685233209865
26.5,0.8007858937317135,0.7535430822011885,0.8375374237515065,0.836939955546187,0.7746226214708047,0.891685233209865,0.7821763787931004,0.7365551580523859,0.8208419714396799,0.8847496556508188,0.8207286821187728,0.9330468715200178,0.836939955546187,0.7746226214708047,0.891685233209865
27.0,0.8007858937317135,0.7535430822011885,0.8375374237515065,0.836939955546187,0.7746226214708047,0.891685233209865,0.7821763787931004,0.7365551580523859,0.8208419714396799,0.8847496556508188,0.8207286821187728,0.9330468715200178,0.836939955546187,0.7746226214708047,0.891685233209865
27.5,0.801328711459965,0.7541519436924213,0.8377537130602977,0.8462576723721191,0.7850701467990125,0.8959016335329018,0.7828114330823334,0.7370234150674682,0.8219213282219026,0.8847496556508188,0.8207286821187728,0.9330468715200178,0.8462576723721191,0.7850701467990125,0.8959016335329018
28.0,0.8024263428883629,0.7553844021217379,0.8395546074741636,0.8462576723721191,0.7850701467990125,0.8959016335329018,0.7834540028069419,0.7371807191028609,0.8229307457618613,0.8895517533320347,0.8268954316838366,0.9386378842025922,0.8462576723721191,0.7850701467990125,0.8959016335329018
28.5,0.8029782246121384,0.755398453938597,0.8400500394773533,0.8462576723721191,0.7850701467990125,0.8959016335329018,0.7841004087687121,0.7373606753771379,0.8232297370759689,0.8895517533320347,0.8268954316838366,0.9386378842025922,0.8462576723721191,0.7850701467990125,0.8959016335329018
29.0,0.8029782246121384,0.755398453938597,0.8400500394773533,0.8462576723721191,0.7850701467990125,0.8959016335329018,0.7841004087687121,0.7373606753771379,0.8232297370759689,0.8895517533320347,0.8268954316838366,0.9386378842025922,0.8462576723721191,0.7850701467990125,0.8959016335329018
29.5,0.8035347832996748,0.7554999814877371,0.8404638512716278,0.8462576723721191,0.7850701467990125,0.8959016335329018,0.7841004087687121,0.7373606753771379,0.8232297370759689,0.8945721281805785,0.8315674984182924,0.9391144433884845,0.8462576723721191,0.7850701467990125,0.8959016335329018
30.0,0.8035347832996748,0.7554999814877371,0.8404638512716278,0.8462576723721191,0.7850701467990125,0.8959016335329018,0.7841004087687121,0.7373606753771379,0.8232297370759689,0.8945721281805785,0.8315674984182924,0.9391144433884845,0.8462576723721191,0.7850701467990125,0.8959016335329018
